job_id,started_at,cloud,resource_id,backup_type,duration_minutes,status,restore_point_verified
BKP-00001,2026-01-01T00:00:00,Azure,R-00307,File,127,Success,No
BKP-00002,2026-01-01T06:00:00,AWS,R-00296,File,159,Success,Yes
BKP-00003,2026-01-01T12:00:00,Azure,R-00051,Snapshot,92,Success,Yes
BKP-00004,2026-01-01T18:00:00,Azure,R-00004,File,172,Success,Yes
BKP-00005,2026-01-02T00:00:00,AWS,R-00230,Snapshot,113,Success,No
BKP-00006,2026-01-02T06:00:00,AWS,R-00035,Database,172,Success,Yes
BKP-00007,2026-01-02T12:00:00,AWS,R-00375,Snapshot,42,Success,Yes
BKP-00008,2026-01-02T18:00:00,AWS,R-00198,Snapshot,35,Success,Yes
BKP-00009,2026-01-03T00:00:00,Azure,R-00314,Database,114,Success,Yes
BKP-00010,2026-01-03T06:00:00,AWS,R-00480,Snapshot,174,Success,No
BKP-00011,2026-01-03T12:00:00,AWS,R-00012,Snapshot,85,Success,Yes
BKP-00012,2026-01-03T18:00:00,AWS,R-00391,Database,73,Success,Yes
BKP-00013,2026-01-04T00:00:00,Azure,R-00288,Database,81,Success,No
BKP-00014,2026-01-04T06:00:00,Azure,R-00406,Snapshot,126,Success,Yes
BKP-00015,2026-01-04T12:00:00,AWS,R-00485,File,26,Success,No
BKP-00016,2026-01-04T18:00:00,AWS,R-00174,File,80,Success,Yes
BKP-00017,2026-01-05T00:00:00,AWS,R-00003,Snapshot,18,Success,Yes
BKP-00018,2026-01-05T06:00:00,Azure,R-00117,File,58,Success,No
BKP-00019,2026-01-05T12:00:00,Azure,R-00135,Database,21,Success,No
BKP-00020,2026-01-05T18:00:00,Azure,R-00200,File,155,Success,No
BKP-00021,2026-01-06T00:00:00,AWS,R-00250,File,85,Success,No
BKP-00022,2026-01-06T06:00:00,AWS,R-00126,File,65,Success,No
BKP-00023,2026-01-06T12:00:00,Azure,R-00376,File,62,Success,No
BKP-00024,2026-01-06T18:00:00,AWS,R-00133,File,121,Success,Yes
BKP-00025,2026-01-07T00:00:00,AWS,R-00171,Snapshot,91,Success,No
BKP-00026,2026-01-07T06:00:00,Azure,R-00234,File,42,Success,Yes
BKP-00027,2026-01-07T12:00:00,AWS,R-00398,Database,43,Success,Yes
BKP-00028,2026-01-07T18:00:00,Azure,R-00494,File,130,Failed,Yes
BKP-00029,2026-01-08T00:00:00,AWS,R-00180,Snapshot,27,Success,Yes
BKP-00030,2026-01-08T06:00:00,AWS,R-00042,Snapshot,21,Success,Yes
BKP-00031,2026-01-08T12:00:00,Azure,R-00150,File,35,Success,No
BKP-00032,2026-01-08T18:00:00,Azure,R-00261,Snapshot,138,Success,Yes
BKP-00033,2026-01-09T00:00:00,Azure,R-00018,File,124,Success,Yes
BKP-00034,2026-01-09T06:00:00,AWS,R-00200,File,15,Success,Yes
BKP-00035,2026-01-09T12:00:00,Azure,R-00434,Snapshot,8,Success,Yes
BKP-00036,2026-01-09T18:00:00,AWS,R-00002,Database,21,Success,No
BKP-00037,2026-01-10T00:00:00,Azure,R-00189,Snapshot,26,Success,No
BKP-00038,2026-01-10T06:00:00,Azure,R-00232,Database,110,Success,Yes
BKP-00039,2026-01-10T12:00:00,AWS,R-00418,Database,83,Success,Yes
BKP-00040,2026-01-10T18:00:00,AWS,R-00476,Snapshot,30,Success,Yes
BKP-00041,2026-01-11T00:00:00,AWS,R-00382,Snapshot,85,Success,Yes
BKP-00042,2026-01-11T06:00:00,AWS,R-00244,File,101,Success,Yes
BKP-00043,2026-01-11T12:00:00,AWS,R-00475,Snapshot,110,Success,Yes
BKP-00044,2026-01-11T18:00:00,Azure,R-00256,Snapshot,161,Success,Yes
BKP-00045,2026-01-12T00:00:00,AWS,R-00225,Database,80,Success,Yes
BKP-00046,2026-01-12T06:00:00,AWS,R-00069,File,179,Success,Yes
BKP-00047,2026-01-12T12:00:00,Azure,R-00467,Database,136,Success,No
BKP-00048,2026-01-12T18:00:00,Azure,R-00071,Snapshot,90,Success,No
BKP-00049,2026-01-13T00:00:00,Azure,R-00443,Database,179,Success,No
BKP-00050,2026-01-13T06:00:00,AWS,R-00177,File,29,Success,No
BKP-00051,2026-01-13T12:00:00,Azure,R-00307,File,90,Success,Yes
BKP-00052,2026-01-13T18:00:00,Azure,R-00013,Snapshot,148,Success,Yes
BKP-00053,2026-01-14T00:00:00,AWS,R-00262,Snapshot,172,Success,Yes
BKP-00054,2026-01-14T06:00:00,Azure,R-00130,Database,6,Success,Yes
BKP-00055,2026-01-14T12:00:00,AWS,R-00227,Database,66,Success,No
BKP-00056,2026-01-14T18:00:00,Azure,R-00456,Database,98,Success,Yes
BKP-00057,2026-01-15T00:00:00,AWS,R-00118,Snapshot,71,Success,Yes
BKP-00058,2026-01-15T06:00:00,Azure,R-00178,File,74,Success,Yes
BKP-00059,2026-01-15T12:00:00,Azure,R-00308,Snapshot,111,Success,No
BKP-00060,2026-01-15T18:00:00,Azure,R-00272,File,21,Success,Yes
BKP-00061,2026-01-16T00:00:00,Azure,R-00179,File,153,Success,Yes
BKP-00062,2026-01-16T06:00:00,Azure,R-00204,Snapshot,55,Success,Yes
BKP-00063,2026-01-16T12:00:00,AWS,R-00012,Database,91,Success,No
BKP-00064,2026-01-16T18:00:00,AWS,R-00465,File,146,Failed,No
BKP-00065,2026-01-17T00:00:00,AWS,R-00016,Database,55,Success,Yes
BKP-00066,2026-01-17T06:00:00,AWS,R-00115,File,177,Success,Yes
BKP-00067,2026-01-17T12:00:00,Azure,R-00161,Database,120,Success,No
BKP-00068,2026-01-17T18:00:00,Azure,R-00424,Database,105,Success,Yes
BKP-00069,2026-01-18T00:00:00,Azure,R-00316,Snapshot,100,Success,Yes
BKP-00070,2026-01-18T06:00:00,AWS,R-00446,Database,86,Success,No
BKP-00071,2026-01-18T12:00:00,AWS,R-00343,Database,72,Success,Yes
BKP-00072,2026-01-18T18:00:00,Azure,R-00288,Snapshot,126,Success,Yes
BKP-00073,2026-01-19T00:00:00,AWS,R-00461,Snapshot,34,Success,Yes
BKP-00074,2026-01-19T06:00:00,AWS,R-00292,Snapshot,58,Success,Yes
BKP-00075,2026-01-19T12:00:00,AWS,R-00500,Snapshot,173,Success,Yes
BKP-00076,2026-01-19T18:00:00,Azure,R-00046,File,113,Success,No
BKP-00077,2026-01-20T00:00:00,AWS,R-00113,Snapshot,12,Success,Yes
BKP-00078,2026-01-20T06:00:00,Azure,R-00433,File,139,Success,No
BKP-00079,2026-01-20T12:00:00,AWS,R-00403,Snapshot,89,Success,Yes
BKP-00080,2026-01-20T18:00:00,AWS,R-00026,File,15,Success,Yes
BKP-00081,2026-01-21T00:00:00,AWS,R-00308,File,135,Success,Yes
BKP-00082,2026-01-21T06:00:00,AWS,R-00447,Database,64,Success,No
BKP-00083,2026-01-21T12:00:00,AWS,R-00119,Database,53,Success,Yes
BKP-00084,2026-01-21T18:00:00,Azure,R-00352,File,85,Success,Yes
BKP-00085,2026-01-22T00:00:00,AWS,R-00389,File,146,Success,Yes
BKP-00086,2026-01-22T06:00:00,Azure,R-00385,Database,168,Success,Yes
BKP-00087,2026-01-22T12:00:00,Azure,R-00098,File,62,Success,Yes
BKP-00088,2026-01-22T18:00:00,AWS,R-00425,Database,9,Success,No
BKP-00089,2026-01-23T00:00:00,AWS,R-00366,Database,86,Success,No
BKP-00090,2026-01-23T06:00:00,AWS,R-00321,File,164,Success,No
BKP-00091,2026-01-23T12:00:00,AWS,R-00413,File,87,Success,Yes
BKP-00092,2026-01-23T18:00:00,Azure,R-00214,File,173,Success,Yes
BKP-00093,2026-01-24T00:00:00,AWS,R-00206,Snapshot,126,Success,No
BKP-00094,2026-01-24T06:00:00,Azure,R-00179,Snapshot,69,Success,No
BKP-00095,2026-01-24T12:00:00,AWS,R-00497,File,72,Success,Yes
BKP-00096,2026-01-24T18:00:00,Azure,R-00089,Snapshot,124,Success,Yes
BKP-00097,2026-01-25T00:00:00,Azure,R-00294,Database,159,Success,No
BKP-00098,2026-01-25T06:00:00,AWS,R-00496,Snapshot,46,Success,No
BKP-00099,2026-01-25T12:00:00,AWS,R-00070,Database,129,Success,Yes
BKP-00100,2026-01-25T18:00:00,Azure,R-00228,Database,156,Success,Yes
BKP-00101,2026-01-26T00:00:00,Azure,R-00089,Snapshot,17,Success,Yes
BKP-00102,2026-01-26T06:00:00,Azure,R-00085,File,78,Success,Yes
BKP-00103,2026-01-26T12:00:00,AWS,R-00240,File,123,Success,Yes
BKP-00104,2026-01-26T18:00:00,Azure,R-00437,Snapshot,54,Success,Yes
BKP-00105,2026-01-27T00:00:00,AWS,R-00397,Snapshot,62,Failed,Yes
BKP-00106,2026-01-27T06:00:00,AWS,R-00288,File,17,Success,Yes
BKP-00107,2026-01-27T12:00:00,Azure,R-00047,File,11,Success,Yes
BKP-00108,2026-01-27T18:00:00,Azure,R-00474,Snapshot,48,Success,No
BKP-00109,2026-01-28T00:00:00,AWS,R-00438,Snapshot,138,Success,No
BKP-00110,2026-01-28T06:00:00,AWS,R-00276,File,111,Failed,Yes
BKP-00111,2026-01-28T12:00:00,Azure,R-00477,Snapshot,14,Success,Yes
BKP-00112,2026-01-28T18:00:00,AWS,R-00051,File,5,Success,Yes
BKP-00113,2026-01-29T00:00:00,AWS,R-00068,File,121,Success,Yes
BKP-00114,2026-01-29T06:00:00,AWS,R-00285,File,96,Success,Yes
BKP-00115,2026-01-29T12:00:00,Azure,R-00392,Database,152,Success,Yes
BKP-00116,2026-01-29T18:00:00,AWS,R-00167,File,48,Success,Yes
BKP-00117,2026-01-30T00:00:00,AWS,R-00498,File,136,Success,No
BKP-00118,2026-01-30T06:00:00,Azure,R-00420,Database,160,Success,Yes
BKP-00119,2026-01-30T12:00:00,Azure,R-00424,File,8,Success,Yes
BKP-00120,2026-01-30T18:00:00,AWS,R-00154,Snapshot,153,Success,Yes
BKP-00121,2026-01-31T00:00:00,AWS,R-00331,Snapshot,160,Success,No
BKP-00122,2026-01-31T06:00:00,Azure,R-00010,Snapshot,90,Success,Yes
BKP-00123,2026-01-31T12:00:00,Azure,R-00430,File,135,Success,Yes
BKP-00124,2026-01-31T18:00:00,AWS,R-00263,File,7,Success,Yes
BKP-00125,2026-02-01T00:00:00,AWS,R-00442,Snapshot,50,Success,Yes
BKP-00126,2026-02-01T06:00:00,AWS,R-00353,Snapshot,153,Success,Yes
BKP-00127,2026-02-01T12:00:00,AWS,R-00182,File,73,Success,Yes
BKP-00128,2026-02-01T18:00:00,AWS,R-00314,Snapshot,52,Success,Yes
BKP-00129,2026-02-02T00:00:00,Azure,R-00410,Snapshot,106,Success,Yes
BKP-00130,2026-02-02T06:00:00,Azure,R-00225,Database,135,Success,Yes
BKP-00131,2026-02-02T12:00:00,AWS,R-00226,Snapshot,143,Success,No
BKP-00132,2026-02-02T18:00:00,AWS,R-00469,File,138,Failed,No
BKP-00133,2026-02-03T00:00:00,AWS,R-00428,Snapshot,146,Success,No
BKP-00134,2026-02-03T06:00:00,AWS,R-00188,File,128,Success,No
BKP-00135,2026-02-03T12:00:00,AWS,R-00036,File,23,Success,Yes
BKP-00136,2026-02-03T18:00:00,Azure,R-00052,Database,116,Success,Yes
BKP-00137,2026-02-04T00:00:00,Azure,R-00483,Database,160,Success,No
BKP-00138,2026-02-04T06:00:00,AWS,R-00134,Snapshot,7,Success,No
BKP-00139,2026-02-04T12:00:00,AWS,R-00357,Snapshot,145,Success,Yes
BKP-00140,2026-02-04T18:00:00,Azure,R-00091,File,31,Success,Yes
BKP-00141,2026-02-05T00:00:00,Azure,R-00479,File,95,Success,Yes
BKP-00142,2026-02-05T06:00:00,AWS,R-00489,Database,180,Success,No
BKP-00143,2026-02-05T12:00:00,Azure,R-00241,File,122,Success,No
BKP-00144,2026-02-05T18:00:00,AWS,R-00206,File,35,Success,Yes
BKP-00145,2026-02-06T00:00:00,Azure,R-00349,File,101,Success,Yes
BKP-00146,2026-02-06T06:00:00,Azure,R-00446,Database,150,Success,No
BKP-00147,2026-02-06T12:00:00,Azure,R-00163,Database,22,Success,Yes
BKP-00148,2026-02-06T18:00:00,AWS,R-00428,Database,131,Success,No
BKP-00149,2026-02-07T00:00:00,AWS,R-00194,File,165,Success,Yes
BKP-00150,2026-02-07T06:00:00,Azure,R-00105,File,55,Success,Yes
BKP-00151,2026-02-07T12:00:00,Azure,R-00244,File,119,Success,Yes
BKP-00152,2026-02-07T18:00:00,Azure,R-00098,File,112,Success,No
BKP-00153,2026-02-08T00:00:00,AWS,R-00290,Snapshot,84,Success,Yes
BKP-00154,2026-02-08T06:00:00,AWS,R-00452,File,32,Success,Yes
BKP-00155,2026-02-08T12:00:00,Azure,R-00374,File,13,Success,No
BKP-00156,2026-02-08T18:00:00,Azure,R-00210,Snapshot,73,Success,Yes
BKP-00157,2026-02-09T00:00:00,Azure,R-00251,File,179,Success,Yes
BKP-00158,2026-02-09T06:00:00,AWS,R-00384,Database,170,Success,No
BKP-00159,2026-02-09T12:00:00,AWS,R-00012,File,39,Success,Yes
BKP-00160,2026-02-09T18:00:00,AWS,R-00016,Snapshot,5,Success,No
BKP-00161,2026-02-10T00:00:00,AWS,R-00045,Database,159,Success,Yes
BKP-00162,2026-02-10T06:00:00,Azure,R-00094,Database,78,Success,Yes
BKP-00163,2026-02-10T12:00:00,Azure,R-00143,Snapshot,130,Success,Yes
BKP-00164,2026-02-10T18:00:00,Azure,R-00420,Snapshot,128,Success,No
BKP-00165,2026-02-11T00:00:00,Azure,R-00048,File,147,Success,No
BKP-00166,2026-02-11T06:00:00,AWS,R-00403,Database,132,Success,Yes
BKP-00167,2026-02-11T12:00:00,Azure,R-00428,Database,167,Success,No
BKP-00168,2026-02-11T18:00:00,AWS,R-00303,Snapshot,17,Success,Yes
BKP-00169,2026-02-12T00:00:00,AWS,R-00248,Database,114,Success,No
BKP-00170,2026-02-12T06:00:00,AWS,R-00088,File,112,Success,Yes
BKP-00171,2026-02-12T12:00:00,AWS,R-00177,File,130,Success,Yes
BKP-00172,2026-02-12T18:00:00,AWS,R-00391,File,72,Success,Yes
BKP-00173,2026-02-13T00:00:00,AWS,R-00147,Database,141,Success,No
BKP-00174,2026-02-13T06:00:00,AWS,R-00006,Snapshot,139,Success,No
BKP-00175,2026-02-13T12:00:00,AWS,R-00148,Database,34,Success,No
BKP-00176,2026-02-13T18:00:00,AWS,R-00034,Snapshot,180,Success,Yes
BKP-00177,2026-02-14T00:00:00,Azure,R-00313,Snapshot,115,Success,No
BKP-00178,2026-02-14T06:00:00,Azure,R-00232,Database,76,Success,No
BKP-00179,2026-02-14T12:00:00,AWS,R-00179,File,13,Success,Yes
BKP-00180,2026-02-14T18:00:00,AWS,R-00465,Database,16,Success,No
BKP-00181,2026-02-15T00:00:00,AWS,R-00373,File,25,Success,Yes
BKP-00182,2026-02-15T06:00:00,AWS,R-00171,File,16,Success,Yes
BKP-00183,2026-02-15T12:00:00,Azure,R-00494,Database,54,Success,No
BKP-00184,2026-02-15T18:00:00,Azure,R-00460,File,114,Success,Yes
BKP-00185,2026-02-16T00:00:00,Azure,R-00134,Database,165,Success,Yes
BKP-00186,2026-02-16T06:00:00,AWS,R-00104,Snapshot,146,Success,Yes
BKP-00187,2026-02-16T12:00:00,Azure,R-00223,File,9,Success,No
BKP-00188,2026-02-16T18:00:00,Azure,R-00356,Database,6,Success,Yes
BKP-00189,2026-02-17T00:00:00,AWS,R-00245,Database,12,Success,Yes
BKP-00190,2026-02-17T06:00:00,AWS,R-00409,Snapshot,118,Success,Yes
BKP-00191,2026-02-17T12:00:00,Azure,R-00048,File,141,Success,Yes
BKP-00192,2026-02-17T18:00:00,AWS,R-00069,Database,70,Success,No
BKP-00193,2026-02-18T00:00:00,AWS,R-00176,Database,67,Success,Yes
BKP-00194,2026-02-18T06:00:00,Azure,R-00340,File,19,Success,Yes
BKP-00195,2026-02-18T12:00:00,Azure,R-00296,Database,16,Success,Yes
BKP-00196,2026-02-18T18:00:00,Azure,R-00121,File,81,Success,No
BKP-00197,2026-02-19T00:00:00,AWS,R-00437,Database,28,Success,No
BKP-00198,2026-02-19T06:00:00,AWS,R-00235,File,109,Success,Yes
BKP-00199,2026-02-19T12:00:00,AWS,R-00231,File,108,Success,Yes
BKP-00200,2026-02-19T18:00:00,Azure,R-00385,Database,122,Success,No
BKP-00201,2026-02-20T00:00:00,Azure,R-00366,Database,65,Success,Yes
BKP-00202,2026-02-20T06:00:00,Azure,R-00418,Database,26,Success,No
BKP-00203,2026-02-20T12:00:00,AWS,R-00133,Database,56,Success,Yes
BKP-00204,2026-02-20T18:00:00,AWS,R-00078,File,85,Success,Yes
BKP-00205,2026-02-21T00:00:00,AWS,R-00272,File,59,Success,No
BKP-00206,2026-02-21T06:00:00,AWS,R-00098,File,98,Success,Yes
BKP-00207,2026-02-21T12:00:00,AWS,R-00431,File,37,Success,No
BKP-00208,2026-02-21T18:00:00,Azure,R-00259,File,23,Success,Yes
BKP-00209,2026-02-22T00:00:00,AWS,R-00361,File,115,Success,No
BKP-00210,2026-02-22T06:00:00,Azure,R-00340,File,35,Success,No
BKP-00211,2026-02-22T12:00:00,AWS,R-00485,Snapshot,82,Success,Yes
BKP-00212,2026-02-22T18:00:00,Azure,R-00387,Snapshot,41,Success,Yes
BKP-00213,2026-02-23T00:00:00,AWS,R-00255,Database,154,Success,Yes
BKP-00214,2026-02-23T06:00:00,Azure,R-00112,File,107,Success,Yes
BKP-00215,2026-02-23T12:00:00,Azure,R-00328,Snapshot,13,Success,Yes
BKP-00216,2026-02-23T18:00:00,AWS,R-00233,Database,121,Success,No
BKP-00217,2026-02-24T00:00:00,Azure,R-00034,Snapshot,13,Success,Yes
BKP-00218,2026-02-24T06:00:00,AWS,R-00487,File,105,Success,Yes
BKP-00219,2026-02-24T12:00:00,AWS,R-00166,File,62,Success,Yes
BKP-00220,2026-02-24T18:00:00,AWS,R-00292,File,134,Success,Yes
BKP-00221,2026-02-25T00:00:00,AWS,R-00264,File,154,Success,No
BKP-00222,2026-02-25T06:00:00,AWS,R-00061,Snapshot,6,Success,Yes
BKP-00223,2026-02-25T12:00:00,AWS,R-00464,Database,169,Success,Yes
BKP-00224,2026-02-25T18:00:00,Azure,R-00270,Database,177,Success,Yes
BKP-00225,2026-02-26T00:00:00,Azure,R-00401,Snapshot,65,Success,Yes
BKP-00226,2026-02-26T06:00:00,Azure,R-00074,Snapshot,59,Success,Yes
BKP-00227,2026-02-26T12:00:00,Azure,R-00313,Database,153,Success,Yes
BKP-00228,2026-02-26T18:00:00,AWS,R-00294,File,163,Success,Yes
BKP-00229,2026-02-27T00:00:00,Azure,R-00026,Database,115,Success,No
BKP-00230,2026-02-27T06:00:00,Azure,R-00100,File,178,Failed,Yes
BKP-00231,2026-02-27T12:00:00,AWS,R-00272,Snapshot,129,Success,Yes
BKP-00232,2026-02-27T18:00:00,AWS,R-00173,Snapshot,124,Success,Yes
BKP-00233,2026-02-28T00:00:00,Azure,R-00344,Database,138,Success,Yes
BKP-00234,2026-02-28T06:00:00,AWS,R-00295,File,121,Success,Yes
BKP-00235,2026-02-28T12:00:00,AWS,R-00219,Database,84,Success,No
BKP-00236,2026-02-28T18:00:00,AWS,R-00003,Snapshot,112,Success,Yes
BKP-00237,2026-03-01T00:00:00,Azure,R-00257,Snapshot,146,Success,Yes
BKP-00238,2026-03-01T06:00:00,Azure,R-00248,Database,163,Success,Yes
BKP-00239,2026-03-01T12:00:00,Azure,R-00058,Snapshot,135,Success,Yes
BKP-00240,2026-03-01T18:00:00,Azure,R-00142,Snapshot,145,Failed,Yes
BKP-00241,2026-03-02T00:00:00,AWS,R-00145,Database,73,Failed,Yes
BKP-00242,2026-03-02T06:00:00,AWS,R-00182,Database,114,Success,No
BKP-00243,2026-03-02T12:00:00,Azure,R-00080,Database,47,Success,No
BKP-00244,2026-03-02T18:00:00,Azure,R-00150,Database,122,Success,Yes
BKP-00245,2026-03-03T00:00:00,Azure,R-00415,File,146,Success,No
BKP-00246,2026-03-03T06:00:00,Azure,R-00291,Snapshot,103,Success,Yes
BKP-00247,2026-03-03T12:00:00,AWS,R-00230,Database,114,Success,Yes
BKP-00248,2026-03-03T18:00:00,AWS,R-00246,Snapshot,85,Success,No
BKP-00249,2026-03-04T00:00:00,AWS,R-00458,Database,57,Success,No
BKP-00250,2026-03-04T06:00:00,Azure,R-00301,Database,167,Success,No
BKP-00251,2026-03-04T12:00:00,AWS,R-00095,Snapshot,124,Success,No
BKP-00252,2026-03-04T18:00:00,Azure,R-00454,Database,11,Success,No
BKP-00253,2026-03-05T00:00:00,Azure,R-00387,File,106,Success,Yes
BKP-00254,2026-03-05T06:00:00,AWS,R-00245,Database,160,Success,Yes
BKP-00255,2026-03-05T12:00:00,AWS,R-00134,Database,51,Success,Yes
BKP-00256,2026-03-05T18:00:00,Azure,R-00128,Database,104,Success,Yes
BKP-00257,2026-03-06T00:00:00,Azure,R-00052,Database,100,Success,No
BKP-00258,2026-03-06T06:00:00,Azure,R-00398,Snapshot,28,Success,Yes
BKP-00259,2026-03-06T12:00:00,AWS,R-00216,Snapshot,18,Success,Yes
BKP-00260,2026-03-06T18:00:00,Azure,R-00279,File,117,Success,No
BKP-00261,2026-03-07T00:00:00,AWS,R-00063,File,14,Success,No
BKP-00262,2026-03-07T06:00:00,Azure,R-00224,Database,73,Success,Yes
BKP-00263,2026-03-07T12:00:00,AWS,R-00228,File,167,Success,No
BKP-00264,2026-03-07T18:00:00,Azure,R-00238,File,10,Success,Yes
BKP-00265,2026-03-08T00:00:00,AWS,R-00307,File,140,Failed,Yes
BKP-00266,2026-03-08T06:00:00,AWS,R-00011,Snapshot,34,Success,Yes
BKP-00267,2026-03-08T12:00:00,Azure,R-00013,Snapshot,75,Success,No
BKP-00268,2026-03-08T18:00:00,Azure,R-00492,Snapshot,122,Success,Yes
BKP-00269,2026-03-09T00:00:00,AWS,R-00475,Snapshot,19,Success,No
BKP-00270,2026-03-09T06:00:00,AWS,R-00363,Snapshot,172,Success,Yes
BKP-00271,2026-03-09T12:00:00,AWS,R-00217,Snapshot,77,Success,Yes
BKP-00272,2026-03-09T18:00:00,AWS,R-00060,Snapshot,149,Success,No
BKP-00273,2026-03-10T00:00:00,Azure,R-00029,Database,178,Success,Yes
BKP-00274,2026-03-10T06:00:00,Azure,R-00148,Snapshot,132,Success,No
BKP-00275,2026-03-10T12:00:00,AWS,R-00331,Database,21,Success,No
BKP-00276,2026-03-10T18:00:00,AWS,R-00485,File,175,Success,No
BKP-00277,2026-03-11T00:00:00,AWS,R-00059,File,89,Success,Yes
BKP-00278,2026-03-11T06:00:00,AWS,R-00420,Database,158,Failed,No
BKP-00279,2026-03-11T12:00:00,Azure,R-00412,Snapshot,178,Success,No
BKP-00280,2026-03-11T18:00:00,AWS,R-00363,File,175,Success,Yes
BKP-00281,2026-03-12T00:00:00,AWS,R-00210,Snapshot,98,Success,No
BKP-00282,2026-03-12T06:00:00,Azure,R-00446,Snapshot,67,Success,No
BKP-00283,2026-03-12T12:00:00,AWS,R-00064,Snapshot,69,Success,Yes
BKP-00284,2026-03-12T18:00:00,Azure,R-00332,File,152,Success,No
BKP-00285,2026-03-13T00:00:00,AWS,R-00253,Database,27,Success,No
BKP-00286,2026-03-13T06:00:00,AWS,R-00225,Snapshot,105,Success,Yes
BKP-00287,2026-03-13T12:00:00,AWS,R-00322,Database,73,Success,Yes
BKP-00288,2026-03-13T18:00:00,AWS,R-00439,Database,37,Success,Yes
BKP-00289,2026-03-14T00:00:00,Azure,R-00424,Database,52,Success,No
BKP-00290,2026-03-14T06:00:00,Azure,R-00014,File,132,Success,Yes
BKP-00291,2026-03-14T12:00:00,Azure,R-00236,Snapshot,118,Success,Yes
BKP-00292,2026-03-14T18:00:00,AWS,R-00332,Snapshot,180,Success,Yes
BKP-00293,2026-03-15T00:00:00,AWS,R-00102,Database,13,Failed,Yes
BKP-00294,2026-03-15T06:00:00,Azure,R-00066,Database,157,Success,No
BKP-00295,2026-03-15T12:00:00,Azure,R-00270,Snapshot,120,Success,Yes
BKP-00296,2026-03-15T18:00:00,Azure,R-00482,Database,91,Success,No
BKP-00297,2026-03-16T00:00:00,AWS,R-00051,Snapshot,148,Success,No
BKP-00298,2026-03-16T06:00:00,Azure,R-00271,Snapshot,115,Success,Yes
BKP-00299,2026-03-16T12:00:00,AWS,R-00189,Database,174,Success,Yes
BKP-00300,2026-03-16T18:00:00,Azure,R-00413,Database,108,Success,Yes
BKP-00301,2026-03-17T00:00:00,AWS,R-00332,Snapshot,113,Success,Yes
BKP-00302,2026-03-17T06:00:00,Azure,R-00181,File,133,Success,Yes
BKP-00303,2026-03-17T12:00:00,Azure,R-00005,Database,140,Success,Yes
BKP-00304,2026-03-17T18:00:00,Azure,R-00169,File,155,Success,No
BKP-00305,2026-03-18T00:00:00,Azure,R-00140,Snapshot,72,Success,Yes
BKP-00306,2026-03-18T06:00:00,Azure,R-00295,Database,5,Success,Yes
BKP-00307,2026-03-18T12:00:00,Azure,R-00247,File,177,Success,Yes
BKP-00308,2026-03-18T18:00:00,AWS,R-00188,Snapshot,157,Success,Yes
BKP-00309,2026-03-19T00:00:00,Azure,R-00295,Database,86,Success,Yes
BKP-00310,2026-03-19T06:00:00,AWS,R-00273,File,53,Success,No
BKP-00311,2026-03-19T12:00:00,Azure,R-00188,Snapshot,22,Success,No
BKP-00312,2026-03-19T18:00:00,Azure,R-00293,Snapshot,131,Success,No
BKP-00313,2026-03-20T00:00:00,Azure,R-00101,Database,128,Success,No
BKP-00314,2026-03-20T06:00:00,AWS,R-00275,Snapshot,45,Failed,Yes
BKP-00315,2026-03-20T12:00:00,Azure,R-00015,Database,90,Success,Yes
BKP-00316,2026-03-20T18:00:00,AWS,R-00428,Snapshot,100,Success,Yes
BKP-00317,2026-03-21T00:00:00,Azure,R-00145,Database,170,Failed,No
BKP-00318,2026-03-21T06:00:00,Azure,R-00353,Snapshot,111,Success,Yes
BKP-00319,2026-03-21T12:00:00,Azure,R-00370,Snapshot,151,Success,Yes
BKP-00320,2026-03-21T18:00:00,AWS,R-00457,Snapshot,8,Success,Yes
BKP-00321,2026-03-22T00:00:00,AWS,R-00055,Database,80,Success,Yes
BKP-00322,2026-03-22T06:00:00,Azure,R-00400,File,50,Success,No
BKP-00323,2026-03-22T12:00:00,AWS,R-00061,Database,49,Success,No
BKP-00324,2026-03-22T18:00:00,AWS,R-00225,Snapshot,22,Success,No
BKP-00325,2026-03-23T00:00:00,AWS,R-00180,Database,30,Success,Yes
BKP-00326,2026-03-23T06:00:00,AWS,R-00049,File,91,Success,No
BKP-00327,2026-03-23T12:00:00,AWS,R-00494,File,108,Success,No
BKP-00328,2026-03-23T18:00:00,Azure,R-00015,File,154,Success,Yes
BKP-00329,2026-03-24T00:00:00,AWS,R-00377,Database,41,Success,No
BKP-00330,2026-03-24T06:00:00,Azure,R-00047,Snapshot,72,Success,Yes
BKP-00331,2026-03-24T12:00:00,AWS,R-00457,File,86,Success,Yes
BKP-00332,2026-03-24T18:00:00,Azure,R-00172,File,163,Success,No
BKP-00333,2026-03-25T00:00:00,AWS,R-00487,Database,168,Success,No
BKP-00334,2026-03-25T06:00:00,Azure,R-00089,Snapshot,19,Success,No
BKP-00335,2026-03-25T12:00:00,Azure,R-00020,Database,23,Success,Yes
BKP-00336,2026-03-25T18:00:00,Azure,R-00028,Database,172,Success,Yes
BKP-00337,2026-03-26T00:00:00,AWS,R-00394,File,151,Success,Yes
BKP-00338,2026-03-26T06:00:00,AWS,R-00292,Database,162,Success,Yes
BKP-00339,2026-03-26T12:00:00,AWS,R-00406,Database,18,Success,No
BKP-00340,2026-03-26T18:00:00,AWS,R-00039,Snapshot,124,Success,Yes
BKP-00341,2026-03-27T00:00:00,AWS,R-00095,File,78,Success,No
BKP-00342,2026-03-27T06:00:00,Azure,R-00224,Snapshot,25,Success,No
BKP-00343,2026-03-27T12:00:00,Azure,R-00379,Snapshot,91,Success,No
BKP-00344,2026-03-27T18:00:00,Azure,R-00210,File,88,Success,Yes
BKP-00345,2026-03-28T00:00:00,AWS,R-00455,File,20,Success,Yes
BKP-00346,2026-03-28T06:00:00,Azure,R-00494,Snapshot,84,Success,Yes
BKP-00347,2026-03-28T12:00:00,Azure,R-00071,Snapshot,8,Success,No
BKP-00348,2026-03-28T18:00:00,AWS,R-00281,Database,111,Success,Yes
BKP-00349,2026-03-29T00:00:00,Azure,R-00476,Snapshot,124,Success,Yes
BKP-00350,2026-03-29T06:00:00,AWS,R-00029,Snapshot,79,Success,Yes
BKP-00351,2026-03-29T12:00:00,AWS,R-00117,Snapshot,35,Success,No
BKP-00352,2026-03-29T18:00:00,AWS,R-00311,File,154,Success,No
BKP-00353,2026-03-30T00:00:00,AWS,R-00073,Snapshot,60,Success,Yes
BKP-00354,2026-03-30T06:00:00,Azure,R-00452,Database,172,Success,Yes
BKP-00355,2026-03-30T12:00:00,Azure,R-00207,Database,51,Success,Yes
BKP-00356,2026-03-30T18:00:00,AWS,R-00111,Database,154,Success,Yes
BKP-00357,2026-03-31T00:00:00,AWS,R-00099,Snapshot,155,Success,Yes
BKP-00358,2026-03-31T06:00:00,AWS,R-00367,File,92,Success,Yes
BKP-00359,2026-03-31T12:00:00,Azure,R-00105,Database,94,Success,No
BKP-00360,2026-03-31T18:00:00,AWS,R-00155,Database,127,Success,Yes
BKP-00361,2026-04-01T00:00:00,Azure,R-00374,Database,12,Success,No
BKP-00362,2026-04-01T06:00:00,AWS,R-00455,Database,23,Success,Yes
BKP-00363,2026-04-01T12:00:00,Azure,R-00327,File,176,Success,No
BKP-00364,2026-04-01T18:00:00,Azure,R-00062,Snapshot,155,Success,Yes
BKP-00365,2026-04-02T00:00:00,AWS,R-00461,File,150,Success,Yes
BKP-00366,2026-04-02T06:00:00,Azure,R-00086,Snapshot,52,Success,Yes
BKP-00367,2026-04-02T12:00:00,AWS,R-00299,File,157,Success,Yes
BKP-00368,2026-04-02T18:00:00,Azure,R-00041,File,19,Success,No
BKP-00369,2026-04-03T00:00:00,Azure,R-00174,Database,121,Success,No
BKP-00370,2026-04-03T06:00:00,Azure,R-00340,Snapshot,93,Success,Yes
BKP-00371,2026-04-03T12:00:00,AWS,R-00422,Snapshot,33,Success,Yes
BKP-00372,2026-04-03T18:00:00,AWS,R-00024,Snapshot,178,Success,Yes
BKP-00373,2026-04-04T00:00:00,Azure,R-00317,Snapshot,51,Success,Yes
BKP-00374,2026-04-04T06:00:00,AWS,R-00309,Database,135,Success,No
BKP-00375,2026-04-04T12:00:00,AWS,R-00375,Snapshot,55,Success,Yes
BKP-00376,2026-04-04T18:00:00,AWS,R-00229,Database,43,Success,Yes
BKP-00377,2026-04-05T00:00:00,AWS,R-00134,Snapshot,71,Success,No
BKP-00378,2026-04-05T06:00:00,Azure,R-00179,File,162,Success,Yes
BKP-00379,2026-04-05T12:00:00,AWS,R-00440,Database,180,Success,Yes
BKP-00380,2026-04-05T18:00:00,AWS,R-00066,Database,112,Success,No
BKP-00381,2026-04-06T00:00:00,Azure,R-00398,Database,32,Success,Yes
BKP-00382,2026-04-06T06:00:00,AWS,R-00150,Database,11,Success,Yes
BKP-00383,2026-04-06T12:00:00,Azure,R-00050,Database,143,Success,Yes
BKP-00384,2026-04-06T18:00:00,Azure,R-00361,Database,59,Success,Yes
BKP-00385,2026-04-07T00:00:00,AWS,R-00338,Snapshot,119,Success,Yes
BKP-00386,2026-04-07T06:00:00,Azure,R-00474,Database,135,Success,Yes
BKP-00387,2026-04-07T12:00:00,AWS,R-00302,Database,17,Success,No
BKP-00388,2026-04-07T18:00:00,Azure,R-00337,Database,84,Success,Yes
BKP-00389,2026-04-08T00:00:00,AWS,R-00072,File,165,Success,Yes
BKP-00390,2026-04-08T06:00:00,Azure,R-00432,File,38,Success,Yes
BKP-00391,2026-04-08T12:00:00,Azure,R-00300,File,129,Success,No
BKP-00392,2026-04-08T18:00:00,Azure,R-00055,Database,102,Success,Yes
BKP-00393,2026-04-09T00:00:00,Azure,R-00339,File,48,Success,Yes
BKP-00394,2026-04-09T06:00:00,Azure,R-00269,Snapshot,151,Success,Yes
BKP-00395,2026-04-09T12:00:00,Azure,R-00172,File,23,Success,Yes
BKP-00396,2026-04-09T18:00:00,Azure,R-00462,File,49,Success,Yes
BKP-00397,2026-04-10T00:00:00,AWS,R-00047,File,133,Success,Yes
BKP-00398,2026-04-10T06:00:00,Azure,R-00028,Database,118,Success,No
BKP-00399,2026-04-10T12:00:00,AWS,R-00117,File,45,Success,No
BKP-00400,2026-04-10T18:00:00,AWS,R-00326,Snapshot,48,Success,No
BKP-00401,2026-04-11T00:00:00,AWS,R-00289,Database,144,Success,Yes
BKP-00402,2026-04-11T06:00:00,Azure,R-00373,Snapshot,6,Success,Yes
BKP-00403,2026-04-11T12:00:00,Azure,R-00248,File,12,Success,Yes
BKP-00404,2026-04-11T18:00:00,AWS,R-00199,Snapshot,14,Success,Yes
BKP-00405,2026-04-12T00:00:00,AWS,R-00042,Snapshot,24,Success,No
BKP-00406,2026-04-12T06:00:00,Azure,R-00359,File,134,Success,Yes
BKP-00407,2026-04-12T12:00:00,AWS,R-00043,File,58,Success,Yes
BKP-00408,2026-04-12T18:00:00,Azure,R-00061,File,171,Success,No
BKP-00409,2026-04-13T00:00:00,Azure,R-00378,Snapshot,108,Success,Yes
BKP-00410,2026-04-13T06:00:00,AWS,R-00369,Database,88,Failed,Yes
BKP-00411,2026-04-13T12:00:00,AWS,R-00029,File,35,Success,Yes
BKP-00412,2026-04-13T18:00:00,Azure,R-00023,File,48,Success,Yes
BKP-00413,2026-04-14T00:00:00,Azure,R-00233,File,7,Success,Yes
BKP-00414,2026-04-14T06:00:00,Azure,R-00125,File,103,Success,No
BKP-00415,2026-04-14T12:00:00,AWS,R-00372,File,118,Success,Yes
BKP-00416,2026-04-14T18:00:00,Azure,R-00102,File,30,Success,Yes
BKP-00417,2026-04-15T00:00:00,AWS,R-00484,File,32,Success,Yes
BKP-00418,2026-04-15T06:00:00,Azure,R-00244,Snapshot,144,Success,No
BKP-00419,2026-04-15T12:00:00,AWS,R-00374,Snapshot,105,Success,No
BKP-00420,2026-04-15T18:00:00,Azure,R-00157,Database,25,Success,Yes
BKP-00421,2026-04-16T00:00:00,Azure,R-00124,Snapshot,53,Success,No
BKP-00422,2026-04-16T06:00:00,AWS,R-00025,Snapshot,117,Success,Yes
BKP-00423,2026-04-16T12:00:00,AWS,R-00380,File,45,Success,Yes
BKP-00424,2026-04-16T18:00:00,Azure,R-00461,Database,54,Success,Yes
BKP-00425,2026-04-17T00:00:00,AWS,R-00326,File,51,Success,Yes
BKP-00426,2026-04-17T06:00:00,Azure,R-00310,Database,28,Success,Yes
BKP-00427,2026-04-17T12:00:00,AWS,R-00482,Database,135,Success,No
BKP-00428,2026-04-17T18:00:00,Azure,R-00031,Database,97,Success,Yes
BKP-00429,2026-04-18T00:00:00,Azure,R-00143,Database,141,Success,Yes
BKP-00430,2026-04-18T06:00:00,Azure,R-00064,Database,143,Success,Yes
BKP-00431,2026-04-18T12:00:00,AWS,R-00338,File,64,Success,No
BKP-00432,2026-04-18T18:00:00,Azure,R-00160,File,99,Success,Yes
BKP-00433,2026-04-19T00:00:00,Azure,R-00116,Snapshot,86,Success,Yes
BKP-00434,2026-04-19T06:00:00,Azure,R-00441,Snapshot,97,Success,Yes
BKP-00435,2026-04-19T12:00:00,Azure,R-00274,Snapshot,84,Success,Yes
BKP-00436,2026-04-19T18:00:00,AWS,R-00072,Snapshot,7,Success,No
BKP-00437,2026-04-20T00:00:00,Azure,R-00061,Snapshot,59,Success,Yes
BKP-00438,2026-04-20T06:00:00,Azure,R-00377,File,82,Success,No
BKP-00439,2026-04-20T12:00:00,Azure,R-00455,File,56,Success,No
BKP-00440,2026-04-20T18:00:00,Azure,R-00337,Snapshot,133,Success,Yes
BKP-00441,2026-04-21T00:00:00,Azure,R-00467,File,144,Success,Yes
BKP-00442,2026-04-21T06:00:00,AWS,R-00330,Snapshot,169,Success,Yes
BKP-00443,2026-04-21T12:00:00,Azure,R-00199,File,146,Success,No
BKP-00444,2026-04-21T18:00:00,Azure,R-00300,Snapshot,105,Success,Yes
BKP-00445,2026-04-22T00:00:00,Azure,R-00037,Snapshot,177,Success,Yes
BKP-00446,2026-04-22T06:00:00,Azure,R-00464,Database,131,Success,Yes
BKP-00447,2026-04-22T12:00:00,AWS,R-00196,File,103,Success,Yes
BKP-00448,2026-04-22T18:00:00,Azure,R-00240,File,9,Success,Yes
BKP-00449,2026-04-23T00:00:00,Azure,R-00159,File,118,Success,No
BKP-00450,2026-04-23T06:00:00,Azure,R-00434,Snapshot,113,Success,Yes
BKP-00451,2026-04-23T12:00:00,AWS,R-00189,File,131,Success,Yes
BKP-00452,2026-04-23T18:00:00,AWS,R-00052,Database,152,Success,No
BKP-00453,2026-04-24T00:00:00,AWS,R-00349,File,77,Success,Yes
BKP-00454,2026-04-24T06:00:00,AWS,R-00095,Database,96,Success,No
BKP-00455,2026-04-24T12:00:00,Azure,R-00281,File,153,Success,Yes
BKP-00456,2026-04-24T18:00:00,AWS,R-00211,Database,83,Success,Yes
BKP-00457,2026-04-25T00:00:00,AWS,R-00247,Database,12,Success,Yes
BKP-00458,2026-04-25T06:00:00,AWS,R-00485,File,146,Success,Yes
BKP-00459,2026-04-25T12:00:00,Azure,R-00005,Snapshot,35,Success,No
BKP-00460,2026-04-25T18:00:00,AWS,R-00376,Snapshot,78,Success,Yes
BKP-00461,2026-04-26T00:00:00,AWS,R-00276,File,117,Success,Yes
BKP-00462,2026-04-26T06:00:00,Azure,R-00087,File,44,Success,No
BKP-00463,2026-04-26T12:00:00,AWS,R-00447,Database,108,Success,No
BKP-00464,2026-04-26T18:00:00,Azure,R-00361,Database,124,Success,Yes
BKP-00465,2026-04-27T00:00:00,Azure,R-00404,File,26,Success,Yes
BKP-00466,2026-04-27T06:00:00,Azure,R-00283,Snapshot,167,Success,Yes
BKP-00467,2026-04-27T12:00:00,Azure,R-00420,File,92,Success,Yes
BKP-00468,2026-04-27T18:00:00,AWS,R-00210,Database,57,Success,No
BKP-00469,2026-04-28T00:00:00,AWS,R-00334,Snapshot,28,Success,Yes
BKP-00470,2026-04-28T06:00:00,AWS,R-00208,Snapshot,8,Success,Yes
BKP-00471,2026-04-28T12:00:00,AWS,R-00236,File,140,Success,Yes
BKP-00472,2026-04-28T18:00:00,AWS,R-00144,Database,158,Success,Yes
BKP-00473,2026-04-29T00:00:00,AWS,R-00247,File,119,Success,No
BKP-00474,2026-04-29T06:00:00,Azure,R-00316,Database,76,Success,Yes
BKP-00475,2026-04-29T12:00:00,Azure,R-00353,Database,175,Success,Yes
BKP-00476,2026-04-29T18:00:00,AWS,R-00330,Database,5,Success,Yes
BKP-00477,2026-04-30T00:00:00,Azure,R-00092,Snapshot,35,Success,No
BKP-00478,2026-04-30T06:00:00,Azure,R-00387,File,17,Success,No
BKP-00479,2026-04-30T12:00:00,Azure,R-00197,Snapshot,173,Success,Yes
BKP-00480,2026-04-30T18:00:00,Azure,R-00396,Database,146,Success,No
BKP-00481,2026-05-01T00:00:00,Azure,R-00231,Snapshot,51,Success,Yes
BKP-00482,2026-05-01T06:00:00,Azure,R-00282,Database,81,Success,Yes
BKP-00483,2026-05-01T12:00:00,Azure,R-00056,Snapshot,152,Success,Yes
BKP-00484,2026-05-01T18:00:00,Azure,R-00210,Snapshot,161,Success,Yes
BKP-00485,2026-05-02T00:00:00,Azure,R-00172,File,141,Success,No
BKP-00486,2026-05-02T06:00:00,Azure,R-00055,Database,103,Success,Yes
BKP-00487,2026-05-02T12:00:00,Azure,R-00497,Database,10,Success,Yes
BKP-00488,2026-05-02T18:00:00,AWS,R-00014,Database,99,Success,Yes
BKP-00489,2026-05-03T00:00:00,Azure,R-00330,Snapshot,29,Success,Yes
BKP-00490,2026-05-03T06:00:00,Azure,R-00355,Database,7,Success,Yes
BKP-00491,2026-05-03T12:00:00,AWS,R-00221,Snapshot,161,Success,Yes
BKP-00492,2026-05-03T18:00:00,Azure,R-00338,Database,7,Success,No
BKP-00493,2026-05-04T00:00:00,Azure,R-00204,Snapshot,180,Success,Yes
BKP-00494,2026-05-04T06:00:00,AWS,R-00150,Database,70,Success,No
BKP-00495,2026-05-04T12:00:00,Azure,R-00150,File,98,Success,Yes
BKP-00496,2026-05-04T18:00:00,Azure,R-00405,Database,137,Success,Yes
BKP-00497,2026-05-05T00:00:00,Azure,R-00137,Snapshot,145,Success,Yes
BKP-00498,2026-05-05T06:00:00,Azure,R-00012,Database,170,Success,Yes
BKP-00499,2026-05-05T12:00:00,AWS,R-00244,Snapshot,60,Success,Yes
BKP-00500,2026-05-05T18:00:00,AWS,R-00406,File,122,Success,Yes
BKP-00501,2026-05-06T00:00:00,Azure,R-00009,File,101,Success,Yes
BKP-00502,2026-05-06T06:00:00,Azure,R-00329,File,169,Success,Yes
BKP-00503,2026-05-06T12:00:00,AWS,R-00298,Snapshot,14,Success,Yes
BKP-00504,2026-05-06T18:00:00,Azure,R-00084,Database,90,Success,Yes
BKP-00505,2026-05-07T00:00:00,AWS,R-00091,File,42,Success,No
BKP-00506,2026-05-07T06:00:00,Azure,R-00316,File,67,Success,Yes
BKP-00507,2026-05-07T12:00:00,AWS,R-00272,Snapshot,19,Success,Yes
BKP-00508,2026-05-07T18:00:00,AWS,R-00231,Snapshot,126,Success,Yes
BKP-00509,2026-05-08T00:00:00,AWS,R-00253,File,150,Success,Yes
BKP-00510,2026-05-08T06:00:00,Azure,R-00117,File,161,Success,No
BKP-00511,2026-05-08T12:00:00,Azure,R-00482,Snapshot,109,Success,No
BKP-00512,2026-05-08T18:00:00,Azure,R-00296,Snapshot,144,Success,Yes
BKP-00513,2026-05-09T00:00:00,AWS,R-00104,Database,124,Success,No
BKP-00514,2026-05-09T06:00:00,Azure,R-00390,Snapshot,7,Success,No
BKP-00515,2026-05-09T12:00:00,Azure,R-00299,Database,148,Success,Yes
BKP-00516,2026-05-09T18:00:00,AWS,R-00494,Snapshot,109,Success,Yes
BKP-00517,2026-05-10T00:00:00,Azure,R-00156,File,131,Success,No
BKP-00518,2026-05-10T06:00:00,AWS,R-00314,File,21,Success,Yes
BKP-00519,2026-05-10T12:00:00,Azure,R-00031,File,142,Success,No
BKP-00520,2026-05-10T18:00:00,Azure,R-00129,Snapshot,84,Success,Yes
BKP-00521,2026-05-11T00:00:00,AWS,R-00258,Database,94,Success,Yes
BKP-00522,2026-05-11T06:00:00,AWS,R-00262,File,75,Success,No
BKP-00523,2026-05-11T12:00:00,Azure,R-00045,Database,51,Success,No
BKP-00524,2026-05-11T18:00:00,Azure,R-00224,Snapshot,43,Success,Yes
BKP-00525,2026-05-12T00:00:00,AWS,R-00058,Snapshot,19,Success,No
BKP-00526,2026-05-12T06:00:00,AWS,R-00352,Snapshot,120,Success,Yes
BKP-00527,2026-05-12T12:00:00,Azure,R-00177,Database,105,Success,No
BKP-00528,2026-05-12T18:00:00,AWS,R-00016,File,168,Success,Yes
BKP-00529,2026-05-13T00:00:00,AWS,R-00301,File,30,Success,No
BKP-00530,2026-05-13T06:00:00,AWS,R-00049,Database,38,Success,Yes
BKP-00531,2026-05-13T12:00:00,AWS,R-00396,Snapshot,21,Success,Yes
BKP-00532,2026-05-13T18:00:00,AWS,R-00182,File,171,Success,Yes
BKP-00533,2026-05-14T00:00:00,Azure,R-00018,Snapshot,128,Success,Yes
BKP-00534,2026-05-14T06:00:00,AWS,R-00434,File,36,Success,Yes
BKP-00535,2026-05-14T12:00:00,Azure,R-00310,Database,58,Success,Yes
BKP-00536,2026-05-14T18:00:00,Azure,R-00037,File,164,Success,Yes
BKP-00537,2026-05-15T00:00:00,Azure,R-00396,Snapshot,141,Success,No
BKP-00538,2026-05-15T06:00:00,AWS,R-00426,File,69,Success,Yes
BKP-00539,2026-05-15T12:00:00,AWS,R-00243,Database,143,Success,Yes
BKP-00540,2026-05-15T18:00:00,AWS,R-00142,Database,41,Success,Yes
BKP-00541,2026-05-16T00:00:00,AWS,R-00497,Snapshot,143,Success,Yes
BKP-00542,2026-05-16T06:00:00,Azure,R-00311,File,142,Success,Yes
BKP-00543,2026-05-16T12:00:00,Azure,R-00185,File,173,Success,No
BKP-00544,2026-05-16T18:00:00,Azure,R-00002,Database,31,Success,No
BKP-00545,2026-05-17T00:00:00,Azure,R-00068,Database,118,Success,Yes
BKP-00546,2026-05-17T06:00:00,Azure,R-00177,Snapshot,86,Success,Yes
BKP-00547,2026-05-17T12:00:00,Azure,R-00218,File,25,Success,Yes
BKP-00548,2026-05-17T18:00:00,Azure,R-00161,Snapshot,75,Success,Yes
BKP-00549,2026-05-18T00:00:00,Azure,R-00060,Snapshot,142,Success,No
BKP-00550,2026-05-18T06:00:00,Azure,R-00106,Database,64,Success,No
BKP-00551,2026-05-18T12:00:00,AWS,R-00178,Snapshot,127,Success,Yes
BKP-00552,2026-05-18T18:00:00,AWS,R-00364,File,166,Success,Yes
BKP-00553,2026-05-19T00:00:00,Azure,R-00048,File,28,Success,Yes
BKP-00554,2026-05-19T06:00:00,Azure,R-00209,File,161,Success,Yes
BKP-00555,2026-05-19T12:00:00,Azure,R-00391,File,61,Success,Yes
BKP-00556,2026-05-19T18:00:00,AWS,R-00420,Snapshot,139,Success,Yes
BKP-00557,2026-05-20T00:00:00,AWS,R-00042,File,144,Success,Yes
BKP-00558,2026-05-20T06:00:00,AWS,R-00189,Snapshot,43,Success,Yes
BKP-00559,2026-05-20T12:00:00,AWS,R-00488,Snapshot,149,Success,No
BKP-00560,2026-05-20T18:00:00,Azure,R-00097,File,45,Success,Yes
BKP-00561,2026-05-21T00:00:00,AWS,R-00474,Database,142,Success,Yes
BKP-00562,2026-05-21T06:00:00,Azure,R-00469,Snapshot,169,Success,Yes
BKP-00563,2026-05-21T12:00:00,Azure,R-00357,File,140,Success,No
BKP-00564,2026-05-21T18:00:00,Azure,R-00400,Database,62,Success,Yes
BKP-00565,2026-05-22T00:00:00,Azure,R-00319,File,77,Success,Yes
BKP-00566,2026-05-22T06:00:00,Azure,R-00415,Database,55,Success,Yes
BKP-00567,2026-05-22T12:00:00,AWS,R-00076,Snapshot,72,Success,Yes
BKP-00568,2026-05-22T18:00:00,AWS,R-00306,File,136,Success,Yes
BKP-00569,2026-05-23T00:00:00,Azure,R-00294,Database,65,Success,No
BKP-00570,2026-05-23T06:00:00,AWS,R-00477,Database,72,Success,Yes
BKP-00571,2026-05-23T12:00:00,Azure,R-00256,Snapshot,5,Success,Yes
BKP-00572,2026-05-23T18:00:00,AWS,R-00216,Snapshot,153,Success,Yes
BKP-00573,2026-05-24T00:00:00,Azure,R-00260,Database,155,Success,Yes
BKP-00574,2026-05-24T06:00:00,AWS,R-00018,File,99,Success,No
BKP-00575,2026-05-24T12:00:00,AWS,R-00346,File,7,Failed,Yes
BKP-00576,2026-05-24T18:00:00,AWS,R-00476,Snapshot,69,Success,Yes
BKP-00577,2026-05-25T00:00:00,AWS,R-00362,File,37,Success,Yes
BKP-00578,2026-05-25T06:00:00,Azure,R-00341,File,42,Success,Yes
BKP-00579,2026-05-25T12:00:00,AWS,R-00234,Snapshot,134,Success,Yes
BKP-00580,2026-05-25T18:00:00,AWS,R-00006,Database,71,Success,Yes
BKP-00581,2026-05-26T00:00:00,Azure,R-00162,Database,113,Success,Yes
BKP-00582,2026-05-26T06:00:00,AWS,R-00214,File,42,Success,No
BKP-00583,2026-05-26T12:00:00,Azure,R-00028,File,56,Success,Yes
BKP-00584,2026-05-26T18:00:00,Azure,R-00133,Snapshot,43,Success,Yes
BKP-00585,2026-05-27T00:00:00,Azure,R-00180,Snapshot,173,Success,Yes
BKP-00586,2026-05-27T06:00:00,AWS,R-00141,Snapshot,151,Success,No
BKP-00587,2026-05-27T12:00:00,AWS,R-00127,File,105,Success,Yes
BKP-00588,2026-05-27T18:00:00,AWS,R-00446,File,27,Success,No
BKP-00589,2026-05-28T00:00:00,AWS,R-00460,File,35,Success,Yes
BKP-00590,2026-05-28T06:00:00,AWS,R-00251,Database,40,Success,Yes
BKP-00591,2026-05-28T12:00:00,Azure,R-00359,File,162,Failed,No
BKP-00592,2026-05-28T18:00:00,AWS,R-00206,File,177,Success,No
BKP-00593,2026-05-29T00:00:00,Azure,R-00364,Snapshot,46,Success,No
BKP-00594,2026-05-29T06:00:00,AWS,R-00299,Snapshot,50,Success,No
BKP-00595,2026-05-29T12:00:00,AWS,R-00294,Snapshot,79,Success,No
BKP-00596,2026-05-29T18:00:00,AWS,R-00134,File,126,Success,No
BKP-00597,2026-05-30T00:00:00,AWS,R-00072,File,8,Success,Yes
BKP-00598,2026-05-30T06:00:00,Azure,R-00011,File,41,Success,Yes
BKP-00599,2026-05-30T12:00:00,AWS,R-00035,File,142,Success,Yes
BKP-00600,2026-05-30T18:00:00,Azure,R-00219,Database,13,Success,No
BKP-00601,2026-05-31T00:00:00,Azure,R-00475,File,93,Success,Yes
BKP-00602,2026-05-31T06:00:00,Azure,R-00294,File,39,Success,Yes
BKP-00603,2026-05-31T12:00:00,Azure,R-00496,Database,124,Success,No
BKP-00604,2026-05-31T18:00:00,AWS,R-00161,Database,55,Success,Yes
BKP-00605,2026-06-01T00:00:00,AWS,R-00460,Database,116,Success,No
BKP-00606,2026-06-01T06:00:00,Azure,R-00365,Database,83,Success,Yes
BKP-00607,2026-06-01T12:00:00,Azure,R-00347,Snapshot,163,Success,No
BKP-00608,2026-06-01T18:00:00,Azure,R-00160,File,180,Success,Yes
BKP-00609,2026-06-02T00:00:00,Azure,R-00078,Database,8,Success,Yes
BKP-00610,2026-06-02T06:00:00,Azure,R-00045,Snapshot,136,Success,No
BKP-00611,2026-06-02T12:00:00,AWS,R-00338,File,15,Success,Yes
BKP-00612,2026-06-02T18:00:00,AWS,R-00122,Snapshot,156,Success,Yes
BKP-00613,2026-06-03T00:00:00,AWS,R-00284,Database,164,Success,Yes
BKP-00614,2026-06-03T06:00:00,Azure,R-00167,File,169,Success,Yes
BKP-00615,2026-06-03T12:00:00,Azure,R-00399,Database,123,Success,No
BKP-00616,2026-06-03T18:00:00,Azure,R-00378,File,150,Success,Yes
BKP-00617,2026-06-04T00:00:00,AWS,R-00422,Snapshot,167,Success,Yes
BKP-00618,2026-06-04T06:00:00,Azure,R-00448,Database,104,Success,No
BKP-00619,2026-06-04T12:00:00,AWS,R-00163,File,155,Success,Yes
BKP-00620,2026-06-04T18:00:00,Azure,R-00310,Snapshot,35,Success,No
BKP-00621,2026-06-05T00:00:00,Azure,R-00423,File,131,Success,Yes
BKP-00622,2026-06-05T06:00:00,Azure,R-00201,Snapshot,118,Success,Yes
BKP-00623,2026-06-05T12:00:00,AWS,R-00140,Database,63,Success,Yes
BKP-00624,2026-06-05T18:00:00,Azure,R-00040,Database,72,Success,No
BKP-00625,2026-06-06T00:00:00,AWS,R-00185,Database,128,Success,No
BKP-00626,2026-06-06T06:00:00,AWS,R-00216,Snapshot,32,Success,No
BKP-00627,2026-06-06T12:00:00,AWS,R-00321,Snapshot,69,Success,Yes
BKP-00628,2026-06-06T18:00:00,AWS,R-00369,File,76,Success,Yes
BKP-00629,2026-06-07T00:00:00,AWS,R-00174,File,103,Success,No
BKP-00630,2026-06-07T06:00:00,Azure,R-00034,File,38,Success,No
BKP-00631,2026-06-07T12:00:00,AWS,R-00396,File,139,Success,No
BKP-00632,2026-06-07T18:00:00,Azure,R-00046,Snapshot,24,Success,Yes
BKP-00633,2026-06-08T00:00:00,Azure,R-00118,Database,60,Success,Yes
BKP-00634,2026-06-08T06:00:00,AWS,R-00482,Snapshot,85,Success,Yes
BKP-00635,2026-06-08T12:00:00,Azure,R-00137,Database,161,Success,Yes
BKP-00636,2026-06-08T18:00:00,AWS,R-00300,Snapshot,65,Success,No
BKP-00637,2026-06-09T00:00:00,Azure,R-00097,Database,85,Success,No
BKP-00638,2026-06-09T06:00:00,AWS,R-00068,File,155,Success,Yes
BKP-00639,2026-06-09T12:00:00,Azure,R-00326,Database,172,Success,Yes
BKP-00640,2026-06-09T18:00:00,Azure,R-00092,Snapshot,129,Success,Yes
BKP-00641,2026-06-10T00:00:00,Azure,R-00407,Snapshot,110,Success,Yes
BKP-00642,2026-06-10T06:00:00,AWS,R-00490,File,85,Success,No
BKP-00643,2026-06-10T12:00:00,AWS,R-00366,File,63,Success,Yes
BKP-00644,2026-06-10T18:00:00,AWS,R-00248,Snapshot,171,Success,No
BKP-00645,2026-06-11T00:00:00,AWS,R-00015,Snapshot,50,Success,Yes
BKP-00646,2026-06-11T06:00:00,AWS,R-00111,Database,83,Success,Yes
BKP-00647,2026-06-11T12:00:00,Azure,R-00323,File,117,Success,No
BKP-00648,2026-06-11T18:00:00,AWS,R-00288,File,141,Success,Yes
BKP-00649,2026-06-12T00:00:00,Azure,R-00424,File,90,Success,Yes
BKP-00650,2026-06-12T06:00:00,Azure,R-00435,Snapshot,11,Success,Yes
BKP-00651,2026-06-12T12:00:00,AWS,R-00383,Database,157,Success,Yes
BKP-00652,2026-06-12T18:00:00,AWS,R-00413,Database,88,Failed,No
BKP-00653,2026-06-13T00:00:00,Azure,R-00095,File,150,Success,Yes
BKP-00654,2026-06-13T06:00:00,Azure,R-00496,Snapshot,163,Success,Yes
BKP-00655,2026-06-13T12:00:00,Azure,R-00400,File,99,Success,No
BKP-00656,2026-06-13T18:00:00,Azure,R-00353,Snapshot,160,Success,No
BKP-00657,2026-06-14T00:00:00,Azure,R-00416,Database,125,Success,Yes
BKP-00658,2026-06-14T06:00:00,Azure,R-00168,Database,35,Success,Yes
BKP-00659,2026-06-14T12:00:00,AWS,R-00193,File,174,Success,Yes
BKP-00660,2026-06-14T18:00:00,Azure,R-00125,Snapshot,54,Success,No
BKP-00661,2026-06-15T00:00:00,Azure,R-00055,File,92,Success,No
BKP-00662,2026-06-15T06:00:00,AWS,R-00328,Database,29,Success,Yes
BKP-00663,2026-06-15T12:00:00,AWS,R-00256,File,166,Success,Yes
BKP-00664,2026-06-15T18:00:00,Azure,R-00497,File,169,Success,No
BKP-00665,2026-06-16T00:00:00,AWS,R-00254,Database,98,Success,No
BKP-00666,2026-06-16T06:00:00,AWS,R-00077,Snapshot,147,Success,Yes
BKP-00667,2026-06-16T12:00:00,Azure,R-00115,File,115,Success,Yes
BKP-00668,2026-06-16T18:00:00,Azure,R-00207,Database,91,Success,Yes
BKP-00669,2026-06-17T00:00:00,AWS,R-00350,Snapshot,93,Success,No
BKP-00670,2026-06-17T06:00:00,AWS,R-00474,Database,58,Success,Yes
BKP-00671,2026-06-17T12:00:00,Azure,R-00322,Database,152,Success,No
BKP-00672,2026-06-17T18:00:00,Azure,R-00350,Database,105,Success,No
BKP-00673,2026-06-18T00:00:00,Azure,R-00448,Database,156,Success,Yes
BKP-00674,2026-06-18T06:00:00,AWS,R-00275,File,55,Success,Yes
BKP-00675,2026-06-18T12:00:00,AWS,R-00428,Snapshot,14,Success,Yes
BKP-00676,2026-06-18T18:00:00,Azure,R-00403,Database,71,Success,Yes
BKP-00677,2026-06-19T00:00:00,Azure,R-00071,Database,52,Success,Yes
BKP-00678,2026-06-19T06:00:00,Azure,R-00245,File,118,Success,Yes
BKP-00679,2026-06-19T12:00:00,AWS,R-00049,Database,142,Success,Yes
BKP-00680,2026-06-19T18:00:00,AWS,R-00406,File,74,Success,Yes
BKP-00681,2026-06-20T00:00:00,Azure,R-00033,File,70,Success,No
BKP-00682,2026-06-20T06:00:00,Azure,R-00369,Database,120,Success,Yes
BKP-00683,2026-06-20T12:00:00,Azure,R-00361,File,172,Success,Yes
BKP-00684,2026-06-20T18:00:00,AWS,R-00215,File,21,Success,No
BKP-00685,2026-06-21T00:00:00,Azure,R-00203,File,166,Success,Yes
BKP-00686,2026-06-21T06:00:00,Azure,R-00216,Snapshot,36,Success,No
BKP-00687,2026-06-21T12:00:00,AWS,R-00055,File,24,Success,Yes
BKP-00688,2026-06-21T18:00:00,AWS,R-00344,Snapshot,47,Success,Yes
BKP-00689,2026-06-22T00:00:00,AWS,R-00025,File,176,Success,No
BKP-00690,2026-06-22T06:00:00,AWS,R-00354,Database,118,Success,Yes
BKP-00691,2026-06-22T12:00:00,Azure,R-00099,Snapshot,36,Success,No
BKP-00692,2026-06-22T18:00:00,Azure,R-00028,File,22,Success,No
BKP-00693,2026-06-23T00:00:00,Azure,R-00124,Snapshot,141,Success,Yes
BKP-00694,2026-06-23T06:00:00,Azure,R-00284,Snapshot,21,Success,No
BKP-00695,2026-06-23T12:00:00,Azure,R-00266,Database,60,Success,Yes
BKP-00696,2026-06-23T18:00:00,AWS,R-00006,Database,58,Success,Yes
BKP-00697,2026-06-24T00:00:00,AWS,R-00155,File,13,Success,No
BKP-00698,2026-06-24T06:00:00,Azure,R-00194,Database,137,Success,No
BKP-00699,2026-06-24T12:00:00,AWS,R-00041,Database,78,Success,No
BKP-00700,2026-06-24T18:00:00,AWS,R-00057,Database,23,Success,No
BKP-00701,2026-06-25T00:00:00,AWS,R-00292,Database,163,Success,Yes
BKP-00702,2026-06-25T06:00:00,AWS,R-00093,Snapshot,49,Success,Yes
BKP-00703,2026-06-25T12:00:00,Azure,R-00277,File,67,Success,Yes
BKP-00704,2026-06-25T18:00:00,Azure,R-00376,Snapshot,144,Success,Yes
BKP-00705,2026-06-26T00:00:00,AWS,R-00300,Snapshot,95,Success,Yes
BKP-00706,2026-06-26T06:00:00,Azure,R-00483,Database,19,Success,No
BKP-00707,2026-06-26T12:00:00,Azure,R-00253,File,31,Success,No
BKP-00708,2026-06-26T18:00:00,Azure,R-00125,File,10,Success,Yes
BKP-00709,2026-06-27T00:00:00,Azure,R-00447,File,60,Success,No
BKP-00710,2026-06-27T06:00:00,AWS,R-00138,File,80,Success,No
BKP-00711,2026-06-27T12:00:00,AWS,R-00091,File,85,Success,Yes
BKP-00712,2026-06-27T18:00:00,AWS,R-00356,Database,150,Success,Yes
BKP-00713,2026-06-28T00:00:00,AWS,R-00457,Snapshot,150,Success,Yes
BKP-00714,2026-06-28T06:00:00,Azure,R-00446,Snapshot,42,Success,Yes
BKP-00715,2026-06-28T12:00:00,AWS,R-00351,File,93,Success,No
BKP-00716,2026-06-28T18:00:00,AWS,R-00189,File,161,Success,Yes
BKP-00717,2026-06-29T00:00:00,AWS,R-00208,File,58,Success,Yes
BKP-00718,2026-06-29T06:00:00,Azure,R-00426,File,58,Success,No
BKP-00719,2026-06-29T12:00:00,AWS,R-00038,Database,167,Failed,No
BKP-00720,2026-06-29T18:00:00,AWS,R-00465,Snapshot,62,Success,Yes
