resource_id,cloud,account_subscription,resource_type,name,region,environment,owner,monthly_cost_usd,backup_enabled,monitoring_enabled
R-00001,AWS,shared,LoadBalancer,resource-0001,us-east-1,Development,Application,217.69,Yes,Yes
R-00002,Azure,dev,Storage,resource-0002,us-west-2,Production,CloudOps,208.31,No,Yes
R-00003,AWS,shared,VM,resource-0003,us-east-1,Production,Platform,882.19,Yes,Yes
R-00004,AWS,shared,Function,resource-0004,us-west-2,Test,CloudOps,433.08,Yes,Yes
R-00005,Azure,dev,LoadBalancer,resource-0005,us-east-1,Test,Platform,68.42,Yes,No
R-00006,AWS,shared,VM,resource-0006,centralus,Development,CloudOps,520.63,Yes,Yes
R-00007,Azure,prod,Database,resource-0007,us-west-2,Production,Platform,532.07,Yes,Yes
R-00008,AWS,dev,Database,resource-0008,us-west-2,Development,Platform,464.09,No,No
R-00009,Azure,shared,Database,resource-0009,us-east-1,Production,CloudOps,388.81,Yes,Yes
R-00010,Azure,dev,Function,resource-0010,centralus,Development,Application,289.59,Yes,No
R-00011,Azure,shared,Function,resource-0011,us-east-1,Production,Platform,884.93,Yes,No
R-00012,AWS,prod,Function,resource-0012,us-west-2,Test,Application,854.94,No,No
R-00013,Azure,dev,Database,resource-0013,centralus,Development,CloudOps,789.02,No,Yes
R-00014,Azure,shared,Function,resource-0014,us-east-1,Development,Application,483.06,Yes,No
R-00015,Azure,shared,VM,resource-0015,centralus,Development,Platform,595.0,Yes,Yes
R-00016,Azure,prod,VM,resource-0016,us-west-2,Production,Platform,225.95,Yes,Yes
R-00017,AWS,shared,Storage,resource-0017,centralus,Production,Platform,284.64,Yes,Yes
R-00018,Azure,shared,LoadBalancer,resource-0018,us-west-2,Development,Application,347.75,No,Yes
R-00019,Azure,prod,Storage,resource-0019,us-east-1,Production,CloudOps,675.79,No,No
R-00020,AWS,shared,Storage,resource-0020,centralus,Development,Application,627.32,No,Yes
R-00021,AWS,dev,Storage,resource-0021,eastus,Development,Application,593.26,Yes,Yes
R-00022,Azure,dev,LoadBalancer,resource-0022,us-east-1,Test,Platform,399.86,No,No
R-00023,AWS,prod,LoadBalancer,resource-0023,eastus,Production,Application,462.47,Yes,Yes
R-00024,AWS,prod,VM,resource-0024,us-east-1,Development,Platform,149.94,Yes,No
R-00025,AWS,shared,Storage,resource-0025,centralus,Development,Platform,71.8,Yes,Yes
R-00026,AWS,shared,LoadBalancer,resource-0026,us-west-2,Production,CloudOps,864.09,Yes,Yes
R-00027,Azure,prod,Function,resource-0027,us-east-1,Production,Platform,623.59,No,Yes
R-00028,Azure,prod,Function,resource-0028,us-east-1,Production,CloudOps,11.38,No,No
R-00029,AWS,dev,Function,resource-0029,us-west-2,Development,Platform,692.4,No,Yes
R-00030,Azure,dev,LoadBalancer,resource-0030,us-east-1,Production,Application,796.52,Yes,Yes
R-00031,Azure,dev,Database,resource-0031,eastus,Production,CloudOps,437.42,No,No
R-00032,Azure,prod,Function,resource-0032,us-west-2,Test,Platform,484.78,No,Yes
R-00033,Azure,dev,Storage,resource-0033,eastus,Development,Platform,359.61,Yes,Yes
R-00034,Azure,dev,LoadBalancer,resource-0034,us-west-2,Production,Application,265.07,No,Yes
R-00035,AWS,shared,Database,resource-0035,eastus,Production,Application,527.31,Yes,Yes
R-00036,AWS,prod,LoadBalancer,resource-0036,us-east-1,Test,Application,269.29,Yes,Yes
R-00037,Azure,prod,LoadBalancer,resource-0037,centralus,Development,Platform,128.44,Yes,No
R-00038,Azure,shared,Function,resource-0038,eastus,Production,CloudOps,93.86,Yes,Yes
R-00039,Azure,shared,Storage,resource-0039,centralus,Test,CloudOps,797.03,Yes,Yes
R-00040,AWS,prod,LoadBalancer,resource-0040,us-east-1,Development,Platform,91.64,No,Yes
R-00041,Azure,shared,Storage,resource-0041,eastus,Development,CloudOps,157.81,Yes,Yes
R-00042,Azure,shared,VM,resource-0042,us-east-1,Test,CloudOps,356.2,Yes,Yes
R-00043,Azure,prod,Database,resource-0043,eastus,Development,Platform,616.7,Yes,Yes
R-00044,AWS,prod,Database,resource-0044,us-west-2,Development,Application,759.55,Yes,Yes
R-00045,AWS,dev,Function,resource-0045,us-east-1,Development,Application,381.65,No,Yes
R-00046,Azure,dev,Function,resource-0046,eastus,Test,CloudOps,14.56,Yes,No
R-00047,Azure,dev,Function,resource-0047,us-east-1,Production,Application,121.95,No,Yes
R-00048,Azure,dev,VM,resource-0048,centralus,Test,Application,343.76,No,Yes
R-00049,AWS,prod,VM,resource-0049,eastus,Production,Platform,556.96,Yes,Yes
R-00050,Azure,shared,Storage,resource-0050,eastus,Development,CloudOps,219.18,No,No
R-00051,Azure,prod,Storage,resource-0051,us-west-2,Development,CloudOps,304.89,Yes,No
R-00052,Azure,prod,Storage,resource-0052,centralus,Test,CloudOps,137.49,Yes,Yes
R-00053,Azure,prod,VM,resource-0053,us-west-2,Production,Application,823.94,No,Yes
R-00054,Azure,prod,VM,resource-0054,us-east-1,Development,Platform,44.66,No,Yes
R-00055,Azure,shared,VM,resource-0055,centralus,Production,Application,150.74,Yes,Yes
R-00056,AWS,prod,VM,resource-0056,us-west-2,Test,Application,135.05,Yes,No
R-00057,AWS,shared,Storage,resource-0057,us-west-2,Test,CloudOps,818.91,No,Yes
R-00058,Azure,shared,LoadBalancer,resource-0058,eastus,Production,Application,383.26,No,Yes
R-00059,AWS,shared,VM,resource-0059,us-west-2,Test,Platform,383.56,No,Yes
R-00060,Azure,shared,Database,resource-0060,centralus,Test,CloudOps,258.97,No,Yes
R-00061,Azure,shared,Function,resource-0061,eastus,Production,CloudOps,886.97,No,No
R-00062,Azure,dev,LoadBalancer,resource-0062,us-west-2,Test,Platform,376.43,No,No
R-00063,Azure,shared,VM,resource-0063,us-west-2,Development,Platform,826.18,Yes,Yes
R-00064,AWS,dev,Database,resource-0064,eastus,Test,Platform,319.86,No,No
R-00065,AWS,dev,Storage,resource-0065,centralus,Production,Platform,724.46,Yes,No
R-00066,Azure,prod,VM,resource-0066,us-east-1,Test,CloudOps,483.3,Yes,Yes
R-00067,AWS,dev,LoadBalancer,resource-0067,eastus,Test,Application,652.39,Yes,Yes
R-00068,AWS,dev,Database,resource-0068,eastus,Test,CloudOps,188.5,No,Yes
R-00069,AWS,shared,Storage,resource-0069,centralus,Production,Platform,184.02,No,No
R-00070,Azure,shared,Database,resource-0070,us-west-2,Production,Application,592.76,No,No
R-00071,AWS,shared,VM,resource-0071,centralus,Production,Platform,373.23,Yes,Yes
R-00072,AWS,prod,VM,resource-0072,us-west-2,Production,Application,470.22,No,No
R-00073,Azure,dev,VM,resource-0073,us-west-2,Test,Platform,529.04,No,Yes
R-00074,AWS,prod,Storage,resource-0074,us-east-1,Production,CloudOps,506.48,Yes,Yes
R-00075,AWS,dev,VM,resource-0075,us-east-1,Test,CloudOps,588.31,Yes,Yes
R-00076,Azure,shared,Database,resource-0076,centralus,Production,Application,227.1,Yes,Yes
R-00077,AWS,shared,Function,resource-0077,eastus,Test,CloudOps,209.99,Yes,Yes
R-00078,Azure,dev,LoadBalancer,resource-0078,centralus,Production,CloudOps,548.06,No,Yes
R-00079,AWS,dev,Storage,resource-0079,us-east-1,Development,Platform,154.26,Yes,No
R-00080,AWS,shared,Database,resource-0080,centralus,Development,Platform,639.88,No,No
R-00081,Azure,prod,Database,resource-0081,us-west-2,Development,Platform,175.13,No,Yes
R-00082,Azure,prod,LoadBalancer,resource-0082,centralus,Development,Application,824.02,No,Yes
R-00083,Azure,prod,Function,resource-0083,us-east-1,Test,Application,694.65,No,No
R-00084,AWS,dev,Function,resource-0084,centralus,Development,Platform,565.96,Yes,No
R-00085,AWS,shared,VM,resource-0085,centralus,Production,Application,72.16,No,Yes
R-00086,Azure,prod,VM,resource-0086,us-west-2,Development,Platform,163.31,No,Yes
R-00087,Azure,shared,Function,resource-0087,us-west-2,Development,Platform,404.69,No,Yes
R-00088,Azure,dev,Function,resource-0088,eastus,Development,Platform,893.89,Yes,No
R-00089,AWS,dev,Database,resource-0089,us-east-1,Test,Application,62.4,Yes,No
R-00090,Azure,shared,VM,resource-0090,eastus,Development,CloudOps,820.65,No,Yes
R-00091,Azure,prod,VM,resource-0091,centralus,Development,Application,620.13,Yes,Yes
R-00092,AWS,dev,Database,resource-0092,us-west-2,Test,Platform,213.71,No,Yes
R-00093,AWS,prod,VM,resource-0093,us-east-1,Test,Application,710.47,Yes,Yes
R-00094,AWS,prod,Database,resource-0094,centralus,Development,Platform,492.04,No,Yes
R-00095,AWS,dev,Database,resource-0095,centralus,Test,Application,36.81,Yes,Yes
R-00096,Azure,shared,Database,resource-0096,us-west-2,Development,Application,102.59,Yes,Yes
R-00097,Azure,dev,Storage,resource-0097,us-west-2,Production,CloudOps,532.92,No,Yes
R-00098,Azure,prod,VM,resource-0098,us-west-2,Test,CloudOps,896.92,No,Yes
R-00099,Azure,shared,Function,resource-0099,us-west-2,Development,Application,172.59,No,Yes
R-00100,AWS,shared,Database,resource-0100,centralus,Test,Application,831.26,No,No
R-00101,Azure,prod,LoadBalancer,resource-0101,eastus,Development,Platform,766.93,Yes,Yes
R-00102,AWS,prod,Database,resource-0102,us-east-1,Production,Platform,375.47,Yes,Yes
R-00103,AWS,prod,VM,resource-0103,us-west-2,Production,CloudOps,399.37,No,Yes
R-00104,AWS,shared,Database,resource-0104,us-west-2,Development,Application,575.77,No,Yes
R-00105,AWS,dev,Function,resource-0105,us-east-1,Production,CloudOps,895.11,Yes,Yes
R-00106,AWS,shared,Storage,resource-0106,eastus,Production,Application,190.44,Yes,No
R-00107,AWS,dev,Database,resource-0107,us-west-2,Development,Platform,492.27,No,Yes
R-00108,Azure,dev,VM,resource-0108,us-east-1,Test,CloudOps,752.82,No,Yes
R-00109,AWS,dev,LoadBalancer,resource-0109,us-east-1,Development,Platform,514.95,Yes,No
R-00110,Azure,dev,Database,resource-0110,eastus,Development,Application,767.0,No,Yes
R-00111,AWS,prod,Storage,resource-0111,eastus,Development,CloudOps,180.94,Yes,Yes
R-00112,Azure,dev,Storage,resource-0112,centralus,Test,Application,534.84,No,Yes
R-00113,AWS,dev,Function,resource-0113,us-west-2,Test,CloudOps,606.5,No,Yes
R-00114,AWS,dev,Storage,resource-0114,us-west-2,Development,Platform,30.42,Yes,Yes
R-00115,AWS,dev,VM,resource-0115,us-west-2,Test,Application,40.72,No,Yes
R-00116,AWS,shared,Storage,resource-0116,eastus,Production,Platform,26.38,Yes,Yes
R-00117,Azure,prod,VM,resource-0117,eastus,Test,Platform,431.41,Yes,Yes
R-00118,Azure,prod,LoadBalancer,resource-0118,us-west-2,Production,CloudOps,598.55,Yes,Yes
R-00119,Azure,prod,Function,resource-0119,us-east-1,Test,Application,785.91,Yes,Yes
R-00120,Azure,prod,Function,resource-0120,centralus,Development,CloudOps,893.71,Yes,Yes
R-00121,Azure,prod,Function,resource-0121,eastus,Test,CloudOps,652.94,Yes,Yes
R-00122,Azure,prod,LoadBalancer,resource-0122,us-east-1,Production,CloudOps,845.17,Yes,Yes
R-00123,Azure,shared,VM,resource-0123,centralus,Development,CloudOps,507.21,No,Yes
R-00124,AWS,prod,Storage,resource-0124,centralus,Test,Application,116.19,Yes,Yes
R-00125,Azure,prod,LoadBalancer,resource-0125,us-east-1,Development,Application,585.93,No,Yes
R-00126,AWS,dev,Database,resource-0126,us-east-1,Development,Application,98.81,Yes,Yes
R-00127,Azure,shared,VM,resource-0127,centralus,Test,Application,332.61,No,Yes
R-00128,Azure,shared,Function,resource-0128,us-east-1,Test,Application,528.02,No,Yes
R-00129,Azure,dev,Function,resource-0129,us-west-2,Development,CloudOps,682.73,No,Yes
R-00130,AWS,prod,Function,resource-0130,eastus,Production,Application,825.01,No,Yes
R-00131,Azure,dev,Function,resource-0131,centralus,Development,Platform,361.33,No,No
R-00132,AWS,dev,Function,resource-0132,us-west-2,Test,Application,786.06,Yes,Yes
R-00133,Azure,dev,LoadBalancer,resource-0133,eastus,Test,CloudOps,648.33,Yes,Yes
R-00134,Azure,shared,LoadBalancer,resource-0134,us-east-1,Development,CloudOps,143.41,No,Yes
R-00135,Azure,prod,Function,resource-0135,us-east-1,Test,Platform,872.33,Yes,No
R-00136,Azure,prod,Storage,resource-0136,us-west-2,Development,Platform,382.6,No,No
R-00137,AWS,shared,Database,resource-0137,eastus,Development,Platform,84.64,No,Yes
R-00138,AWS,dev,Storage,resource-0138,centralus,Production,Application,400.3,Yes,No
R-00139,AWS,prod,Storage,resource-0139,eastus,Development,Platform,155.55,No,No
R-00140,AWS,dev,LoadBalancer,resource-0140,us-east-1,Production,Application,469.74,Yes,No
R-00141,Azure,dev,LoadBalancer,resource-0141,centralus,Development,Platform,808.12,No,Yes
R-00142,AWS,shared,LoadBalancer,resource-0142,eastus,Production,Application,246.95,No,Yes
R-00143,AWS,dev,Function,resource-0143,centralus,Development,Platform,719.06,Yes,Yes
R-00144,AWS,dev,Database,resource-0144,us-east-1,Development,CloudOps,262.45,Yes,Yes
R-00145,AWS,shared,Database,resource-0145,centralus,Test,Application,712.13,Yes,Yes
R-00146,Azure,prod,Function,resource-0146,us-east-1,Development,Application,676.24,No,Yes
R-00147,AWS,dev,Database,resource-0147,centralus,Development,Platform,302.0,Yes,Yes
R-00148,AWS,shared,LoadBalancer,resource-0148,eastus,Test,Application,523.01,No,Yes
R-00149,Azure,shared,LoadBalancer,resource-0149,centralus,Test,Application,689.92,No,No
R-00150,Azure,shared,Database,resource-0150,centralus,Test,CloudOps,551.04,Yes,No
R-00151,AWS,shared,Function,resource-0151,eastus,Development,Platform,353.76,Yes,Yes
R-00152,AWS,shared,LoadBalancer,resource-0152,eastus,Test,Application,268.45,Yes,Yes
R-00153,Azure,dev,VM,resource-0153,us-west-2,Development,CloudOps,340.92,Yes,Yes
R-00154,Azure,shared,Database,resource-0154,eastus,Test,CloudOps,486.07,Yes,Yes
R-00155,Azure,prod,LoadBalancer,resource-0155,eastus,Development,Platform,643.06,No,Yes
R-00156,AWS,shared,Storage,resource-0156,us-east-1,Production,CloudOps,815.23,Yes,Yes
R-00157,AWS,dev,Storage,resource-0157,centralus,Test,Platform,874.77,No,Yes
R-00158,AWS,dev,Storage,resource-0158,us-east-1,Test,CloudOps,105.86,Yes,No
R-00159,AWS,prod,VM,resource-0159,us-east-1,Test,Platform,301.15,No,Yes
R-00160,AWS,shared,VM,resource-0160,eastus,Test,Application,752.11,Yes,Yes
R-00161,Azure,shared,LoadBalancer,resource-0161,us-east-1,Development,Platform,205.91,No,Yes
R-00162,Azure,prod,Database,resource-0162,us-west-2,Test,Application,17.31,Yes,Yes
R-00163,Azure,prod,VM,resource-0163,us-west-2,Development,Application,481.62,No,Yes
R-00164,AWS,prod,Function,resource-0164,centralus,Production,CloudOps,115.86,No,Yes
R-00165,AWS,prod,Storage,resource-0165,us-east-1,Development,CloudOps,215.75,No,No
R-00166,AWS,prod,Storage,resource-0166,centralus,Production,Application,772.54,No,Yes
R-00167,Azure,prod,Function,resource-0167,us-east-1,Production,CloudOps,235.75,No,Yes
R-00168,Azure,shared,Function,resource-0168,us-west-2,Production,Application,410.64,Yes,Yes
R-00169,Azure,shared,VM,resource-0169,us-west-2,Test,Platform,368.5,No,Yes
R-00170,Azure,dev,LoadBalancer,resource-0170,us-east-1,Development,Platform,895.74,Yes,Yes
R-00171,Azure,dev,Database,resource-0171,us-west-2,Production,Platform,768.49,No,Yes
R-00172,AWS,dev,Storage,resource-0172,us-west-2,Production,CloudOps,665.44,Yes,Yes
R-00173,AWS,shared,Storage,resource-0173,us-east-1,Development,Platform,555.64,Yes,No
R-00174,AWS,dev,Function,resource-0174,us-east-1,Test,Application,91.55,Yes,Yes
R-00175,AWS,shared,VM,resource-0175,us-east-1,Production,Application,120.27,No,Yes
R-00176,Azure,dev,Storage,resource-0176,eastus,Production,Application,754.14,No,No
R-00177,Azure,prod,Storage,resource-0177,eastus,Test,CloudOps,377.01,Yes,Yes
R-00178,Azure,prod,LoadBalancer,resource-0178,eastus,Development,CloudOps,408.58,No,Yes
R-00179,Azure,shared,Database,resource-0179,us-west-2,Test,Application,319.36,Yes,Yes
R-00180,Azure,dev,Storage,resource-0180,eastus,Development,Platform,369.95,Yes,Yes
R-00181,AWS,shared,Function,resource-0181,eastus,Production,Platform,355.27,Yes,Yes
R-00182,Azure,shared,LoadBalancer,resource-0182,us-west-2,Test,CloudOps,266.07,No,Yes
R-00183,AWS,shared,VM,resource-0183,centralus,Production,CloudOps,248.91,Yes,Yes
R-00184,Azure,dev,LoadBalancer,resource-0184,centralus,Production,CloudOps,193.83,Yes,No
R-00185,Azure,shared,VM,resource-0185,centralus,Development,Application,668.95,No,No
R-00186,AWS,dev,Database,resource-0186,centralus,Production,Platform,765.51,Yes,Yes
R-00187,Azure,prod,Function,resource-0187,us-east-1,Production,Platform,440.06,No,Yes
R-00188,Azure,shared,Function,resource-0188,centralus,Test,CloudOps,724.17,Yes,No
R-00189,AWS,prod,Storage,resource-0189,us-east-1,Production,CloudOps,592.07,No,Yes
R-00190,Azure,shared,LoadBalancer,resource-0190,centralus,Development,Platform,594.2,No,Yes
R-00191,AWS,shared,Function,resource-0191,eastus,Development,Application,160.89,Yes,Yes
R-00192,Azure,shared,Storage,resource-0192,us-east-1,Test,CloudOps,671.2,No,Yes
R-00193,AWS,prod,Storage,resource-0193,us-west-2,Test,Application,368.92,Yes,No
R-00194,Azure,prod,Database,resource-0194,eastus,Development,CloudOps,518.12,Yes,Yes
R-00195,AWS,dev,Storage,resource-0195,us-west-2,Development,Platform,884.53,Yes,Yes
R-00196,AWS,dev,Database,resource-0196,eastus,Production,Platform,673.23,Yes,Yes
R-00197,Azure,dev,Database,resource-0197,eastus,Development,Platform,349.23,No,Yes
R-00198,Azure,prod,Storage,resource-0198,us-west-2,Production,Application,333.89,No,Yes
R-00199,AWS,shared,VM,resource-0199,centralus,Test,Platform,513.87,No,Yes
R-00200,AWS,prod,Database,resource-0200,us-east-1,Production,Platform,578.74,No,Yes
R-00201,AWS,dev,VM,resource-0201,us-west-2,Test,Platform,730.64,No,No
R-00202,AWS,shared,LoadBalancer,resource-0202,us-west-2,Development,CloudOps,404.27,No,No
R-00203,Azure,shared,LoadBalancer,resource-0203,us-west-2,Test,CloudOps,331.56,No,Yes
R-00204,Azure,prod,VM,resource-0204,us-west-2,Production,Application,342.43,No,Yes
R-00205,AWS,prod,Function,resource-0205,centralus,Production,CloudOps,127.02,Yes,Yes
R-00206,Azure,dev,Storage,resource-0206,us-west-2,Test,CloudOps,567.66,Yes,No
R-00207,AWS,shared,Database,resource-0207,centralus,Test,CloudOps,796.42,No,Yes
R-00208,Azure,prod,Function,resource-0208,centralus,Test,Application,244.82,Yes,Yes
R-00209,AWS,prod,Database,resource-0209,centralus,Test,Platform,829.72,Yes,Yes
R-00210,Azure,prod,Function,resource-0210,us-west-2,Development,CloudOps,621.52,No,Yes
R-00211,AWS,prod,Storage,resource-0211,centralus,Production,Application,792.45,No,Yes
R-00212,AWS,shared,Database,resource-0212,eastus,Test,CloudOps,475.24,No,Yes
R-00213,Azure,dev,LoadBalancer,resource-0213,eastus,Test,Application,719.03,Yes,Yes
R-00214,Azure,prod,LoadBalancer,resource-0214,us-east-1,Development,Platform,37.7,Yes,No
R-00215,Azure,prod,Function,resource-0215,us-west-2,Development,Platform,103.97,No,Yes
R-00216,AWS,shared,Database,resource-0216,us-east-1,Test,CloudOps,33.58,Yes,No
R-00217,Azure,prod,LoadBalancer,resource-0217,centralus,Development,CloudOps,34.63,Yes,No
R-00218,Azure,dev,Database,resource-0218,eastus,Test,CloudOps,325.9,Yes,Yes
R-00219,Azure,dev,Storage,resource-0219,us-east-1,Production,Application,207.6,Yes,No
R-00220,Azure,prod,LoadBalancer,resource-0220,eastus,Production,CloudOps,401.53,Yes,No
R-00221,AWS,dev,LoadBalancer,resource-0221,us-east-1,Production,CloudOps,444.37,Yes,Yes
R-00222,Azure,shared,Database,resource-0222,eastus,Test,Application,643.5,Yes,Yes
R-00223,Azure,dev,Storage,resource-0223,us-east-1,Development,Platform,858.99,No,Yes
R-00224,Azure,prod,LoadBalancer,resource-0224,us-east-1,Test,Application,754.45,No,Yes
R-00225,AWS,shared,Function,resource-0225,us-east-1,Production,Platform,712.17,Yes,Yes
R-00226,Azure,dev,LoadBalancer,resource-0226,us-west-2,Development,Application,424.67,Yes,Yes
R-00227,AWS,dev,LoadBalancer,resource-0227,us-west-2,Production,Platform,118.03,Yes,Yes
R-00228,Azure,dev,Storage,resource-0228,us-east-1,Production,Platform,684.27,No,No
R-00229,Azure,prod,Database,resource-0229,centralus,Development,Application,524.1,Yes,Yes
R-00230,AWS,dev,Database,resource-0230,us-east-1,Production,Application,517.24,No,Yes
R-00231,Azure,prod,LoadBalancer,resource-0231,eastus,Development,Application,536.63,Yes,Yes
R-00232,AWS,shared,Database,resource-0232,us-west-2,Development,Application,891.09,No,Yes
R-00233,AWS,shared,LoadBalancer,resource-0233,centralus,Production,Application,310.34,Yes,Yes
R-00234,AWS,prod,Storage,resource-0234,us-west-2,Development,Platform,619.6,No,Yes
R-00235,Azure,prod,Function,resource-0235,us-east-1,Development,CloudOps,740.69,No,Yes
R-00236,Azure,shared,VM,resource-0236,eastus,Production,Application,142.47,No,Yes
R-00237,AWS,dev,Function,resource-0237,eastus,Test,Platform,863.6,No,Yes
R-00238,Azure,shared,Database,resource-0238,us-east-1,Test,Application,94.39,Yes,Yes
R-00239,Azure,shared,Function,resource-0239,eastus,Development,CloudOps,105.55,No,Yes
R-00240,AWS,shared,Function,resource-0240,us-east-1,Production,Application,240.91,No,Yes
R-00241,Azure,dev,LoadBalancer,resource-0241,centralus,Test,CloudOps,854.23,No,Yes
R-00242,AWS,shared,VM,resource-0242,eastus,Development,Application,687.13,Yes,No
R-00243,AWS,dev,Storage,resource-0243,centralus,Test,Application,724.11,No,Yes
R-00244,AWS,shared,LoadBalancer,resource-0244,centralus,Production,Application,186.12,Yes,Yes
R-00245,AWS,shared,Storage,resource-0245,centralus,Development,Platform,523.14,No,No
R-00246,Azure,shared,Function,resource-0246,us-west-2,Production,Application,774.94,Yes,Yes
R-00247,AWS,dev,Storage,resource-0247,eastus,Production,CloudOps,259.68,No,Yes
R-00248,AWS,dev,Database,resource-0248,eastus,Development,Platform,819.52,Yes,Yes
R-00249,AWS,dev,Database,resource-0249,us-west-2,Test,CloudOps,813.77,No,Yes
R-00250,AWS,dev,VM,resource-0250,eastus,Test,Platform,405.89,No,Yes
R-00251,Azure,shared,Database,resource-0251,centralus,Test,Application,844.11,Yes,Yes
R-00252,Azure,prod,Database,resource-0252,us-east-1,Development,Application,560.48,Yes,Yes
R-00253,AWS,dev,Function,resource-0253,eastus,Development,Platform,349.41,No,Yes
R-00254,AWS,shared,Database,resource-0254,us-west-2,Test,Platform,588.77,Yes,Yes
R-00255,AWS,dev,Function,resource-0255,eastus,Development,CloudOps,604.93,Yes,Yes
R-00256,Azure,prod,VM,resource-0256,us-west-2,Development,Application,136.85,No,Yes
R-00257,Azure,dev,LoadBalancer,resource-0257,eastus,Production,CloudOps,797.67,No,Yes
R-00258,Azure,prod,Function,resource-0258,centralus,Production,CloudOps,95.22,Yes,Yes
R-00259,AWS,dev,Database,resource-0259,centralus,Production,Platform,806.34,Yes,Yes
R-00260,Azure,shared,Function,resource-0260,centralus,Development,CloudOps,427.58,Yes,Yes
R-00261,Azure,shared,Function,resource-0261,centralus,Production,Platform,89.53,Yes,Yes
R-00262,Azure,shared,Function,resource-0262,us-east-1,Test,Platform,732.29,Yes,Yes
R-00263,Azure,prod,LoadBalancer,resource-0263,centralus,Development,CloudOps,736.6,No,Yes
R-00264,Azure,dev,Database,resource-0264,centralus,Development,Platform,656.03,No,Yes
R-00265,AWS,dev,Function,resource-0265,centralus,Test,CloudOps,407.22,Yes,Yes
R-00266,AWS,prod,Function,resource-0266,us-west-2,Development,Platform,120.02,Yes,Yes
R-00267,Azure,shared,Database,resource-0267,centralus,Development,CloudOps,794.23,No,Yes
R-00268,Azure,prod,Function,resource-0268,centralus,Test,Application,726.34,No,Yes
R-00269,Azure,shared,VM,resource-0269,centralus,Production,Application,473.51,Yes,Yes
R-00270,Azure,shared,Storage,resource-0270,us-east-1,Development,Platform,467.97,Yes,Yes
R-00271,AWS,dev,Function,resource-0271,centralus,Development,CloudOps,109.26,Yes,Yes
R-00272,AWS,shared,Storage,resource-0272,centralus,Production,Application,688.74,Yes,Yes
R-00273,AWS,shared,LoadBalancer,resource-0273,us-west-2,Test,CloudOps,549.53,No,No
R-00274,Azure,shared,Storage,resource-0274,us-west-2,Production,Application,366.47,Yes,Yes
R-00275,Azure,prod,Database,resource-0275,centralus,Production,Application,571.09,No,Yes
R-00276,Azure,prod,Function,resource-0276,us-west-2,Production,CloudOps,892.0,No,Yes
R-00277,Azure,shared,Database,resource-0277,eastus,Test,Application,731.45,No,Yes
R-00278,Azure,prod,Function,resource-0278,us-west-2,Test,Application,82.64,Yes,No
R-00279,Azure,prod,Function,resource-0279,us-east-1,Test,CloudOps,468.1,No,No
R-00280,AWS,shared,Database,resource-0280,eastus,Production,Application,869.54,Yes,Yes
R-00281,Azure,dev,VM,resource-0281,us-west-2,Development,CloudOps,162.29,Yes,Yes
R-00282,AWS,dev,Storage,resource-0282,us-west-2,Development,Application,799.42,Yes,No
R-00283,Azure,prod,Database,resource-0283,centralus,Development,CloudOps,539.25,Yes,No
R-00284,AWS,dev,LoadBalancer,resource-0284,eastus,Development,CloudOps,290.15,Yes,Yes
R-00285,Azure,shared,Database,resource-0285,us-east-1,Production,CloudOps,402.49,No,Yes
R-00286,AWS,shared,LoadBalancer,resource-0286,centralus,Development,CloudOps,410.91,No,Yes
R-00287,Azure,shared,Database,resource-0287,centralus,Production,Platform,139.2,Yes,Yes
R-00288,AWS,shared,Storage,resource-0288,centralus,Development,Application,131.63,No,Yes
R-00289,Azure,prod,VM,resource-0289,us-east-1,Test,Application,473.2,Yes,No
R-00290,Azure,shared,VM,resource-0290,eastus,Development,Application,704.12,No,No
R-00291,AWS,shared,Database,resource-0291,us-west-2,Development,CloudOps,172.29,No,Yes
R-00292,AWS,prod,Function,resource-0292,eastus,Development,Platform,611.31,Yes,No
R-00293,AWS,prod,Database,resource-0293,centralus,Development,Application,372.3,Yes,Yes
R-00294,AWS,dev,Function,resource-0294,centralus,Test,CloudOps,886.45,No,No
R-00295,AWS,shared,Function,resource-0295,eastus,Production,Platform,571.34,No,Yes
R-00296,Azure,shared,LoadBalancer,resource-0296,centralus,Development,CloudOps,224.93,No,No
R-00297,Azure,dev,Database,resource-0297,centralus,Test,CloudOps,35.1,No,No
R-00298,Azure,shared,Database,resource-0298,eastus,Production,Application,841.23,Yes,Yes
R-00299,AWS,dev,Storage,resource-0299,us-west-2,Test,CloudOps,337.17,No,Yes
R-00300,Azure,dev,LoadBalancer,resource-0300,us-west-2,Development,Application,625.8,No,Yes
R-00301,Azure,dev,Storage,resource-0301,centralus,Production,CloudOps,502.83,No,Yes
R-00302,AWS,prod,Function,resource-0302,eastus,Development,Platform,603.83,No,Yes
R-00303,AWS,shared,Function,resource-0303,us-west-2,Test,Platform,843.24,No,Yes
R-00304,AWS,shared,VM,resource-0304,us-west-2,Test,CloudOps,102.9,No,Yes
R-00305,Azure,shared,VM,resource-0305,centralus,Test,Application,653.16,No,No
R-00306,Azure,dev,Storage,resource-0306,eastus,Development,Platform,83.55,Yes,No
R-00307,AWS,shared,LoadBalancer,resource-0307,centralus,Development,CloudOps,164.77,Yes,Yes
R-00308,AWS,dev,Storage,resource-0308,centralus,Development,CloudOps,66.51,Yes,Yes
R-00309,Azure,shared,LoadBalancer,resource-0309,eastus,Development,Platform,581.22,Yes,No
R-00310,AWS,dev,Storage,resource-0310,us-west-2,Development,Platform,398.82,Yes,Yes
R-00311,AWS,prod,Function,resource-0311,centralus,Development,CloudOps,725.92,Yes,Yes
R-00312,Azure,prod,VM,resource-0312,us-west-2,Development,Platform,218.26,No,Yes
R-00313,AWS,shared,VM,resource-0313,centralus,Test,Platform,61.75,Yes,No
R-00314,Azure,shared,LoadBalancer,resource-0314,eastus,Development,Platform,367.69,No,No
R-00315,Azure,dev,LoadBalancer,resource-0315,us-east-1,Production,Application,218.45,No,No
R-00316,Azure,dev,LoadBalancer,resource-0316,centralus,Production,CloudOps,403.38,Yes,Yes
R-00317,Azure,prod,Function,resource-0317,us-west-2,Test,CloudOps,447.14,Yes,Yes
R-00318,Azure,prod,Storage,resource-0318,eastus,Production,Platform,36.28,Yes,Yes
R-00319,AWS,prod,VM,resource-0319,us-west-2,Production,Application,325.38,Yes,Yes
R-00320,Azure,prod,Function,resource-0320,us-west-2,Development,Platform,379.37,Yes,No
R-00321,Azure,prod,Database,resource-0321,eastus,Production,CloudOps,411.28,No,Yes
R-00322,AWS,prod,Storage,resource-0322,us-east-1,Development,CloudOps,64.2,No,Yes
R-00323,AWS,prod,Function,resource-0323,us-east-1,Production,Application,772.28,No,Yes
R-00324,AWS,dev,Database,resource-0324,eastus,Test,CloudOps,829.14,No,Yes
R-00325,AWS,dev,Storage,resource-0325,us-west-2,Production,CloudOps,615.24,Yes,No
R-00326,Azure,shared,Database,resource-0326,us-east-1,Test,Platform,781.17,Yes,Yes
R-00327,Azure,shared,Storage,resource-0327,centralus,Development,Platform,587.49,No,Yes
R-00328,AWS,dev,Database,resource-0328,us-west-2,Production,CloudOps,889.86,Yes,Yes
R-00329,Azure,prod,Storage,resource-0329,centralus,Development,Platform,214.11,Yes,Yes
R-00330,AWS,dev,Function,resource-0330,eastus,Production,CloudOps,776.46,No,Yes
R-00331,Azure,dev,Storage,resource-0331,us-west-2,Test,CloudOps,843.67,Yes,Yes
R-00332,Azure,dev,Database,resource-0332,eastus,Production,Application,426.17,Yes,Yes
R-00333,AWS,shared,Storage,resource-0333,centralus,Development,Platform,213.77,No,Yes
R-00334,Azure,prod,Storage,resource-0334,us-west-2,Development,Platform,682.92,Yes,Yes
R-00335,Azure,shared,Storage,resource-0335,eastus,Test,Platform,590.25,Yes,Yes
R-00336,Azure,prod,Storage,resource-0336,us-east-1,Test,CloudOps,173.95,No,Yes
R-00337,AWS,dev,Database,resource-0337,us-east-1,Development,Application,644.14,Yes,Yes
R-00338,Azure,shared,VM,resource-0338,centralus,Production,Application,878.47,Yes,Yes
R-00339,Azure,shared,Database,resource-0339,eastus,Production,Application,862.49,No,Yes
R-00340,Azure,dev,Function,resource-0340,eastus,Test,Application,63.72,No,No
R-00341,AWS,prod,Function,resource-0341,us-east-1,Production,Platform,531.79,Yes,Yes
R-00342,Azure,shared,VM,resource-0342,us-east-1,Production,CloudOps,259.44,Yes,No
R-00343,Azure,prod,VM,resource-0343,eastus,Test,Application,341.09,No,Yes
R-00344,AWS,dev,Storage,resource-0344,eastus,Test,CloudOps,41.65,Yes,No
R-00345,AWS,shared,LoadBalancer,resource-0345,us-west-2,Development,CloudOps,270.86,No,Yes
R-00346,Azure,prod,Storage,resource-0346,centralus,Production,CloudOps,770.31,No,Yes
R-00347,AWS,shared,Function,resource-0347,eastus,Test,CloudOps,154.4,No,Yes
R-00348,Azure,dev,Function,resource-0348,us-east-1,Test,CloudOps,745.02,No,Yes
R-00349,AWS,prod,VM,resource-0349,centralus,Production,Application,567.51,No,Yes
R-00350,AWS,shared,VM,resource-0350,eastus,Production,CloudOps,549.46,No,No
R-00351,AWS,dev,VM,resource-0351,us-east-1,Test,Platform,716.0,Yes,Yes
R-00352,Azure,shared,LoadBalancer,resource-0352,us-west-2,Test,CloudOps,821.67,No,Yes
R-00353,AWS,prod,Database,resource-0353,centralus,Production,CloudOps,72.21,Yes,No
R-00354,Azure,shared,LoadBalancer,resource-0354,us-east-1,Production,CloudOps,114.05,No,Yes
R-00355,AWS,prod,Function,resource-0355,us-east-1,Development,Application,227.1,Yes,No
R-00356,Azure,prod,VM,resource-0356,centralus,Test,CloudOps,324.55,Yes,Yes
R-00357,AWS,shared,Storage,resource-0357,us-west-2,Test,Platform,320.07,Yes,Yes
R-00358,AWS,shared,Storage,resource-0358,us-west-2,Production,CloudOps,411.84,Yes,No
R-00359,AWS,dev,Database,resource-0359,us-east-1,Test,CloudOps,884.09,Yes,Yes
R-00360,Azure,shared,VM,resource-0360,us-east-1,Development,CloudOps,394.16,No,Yes
R-00361,Azure,dev,Storage,resource-0361,centralus,Development,CloudOps,508.27,No,Yes
R-00362,AWS,dev,VM,resource-0362,centralus,Development,Platform,488.55,Yes,Yes
R-00363,Azure,shared,Database,resource-0363,us-west-2,Development,CloudOps,773.42,No,Yes
R-00364,Azure,dev,Database,resource-0364,us-east-1,Test,Platform,714.95,No,Yes
R-00365,Azure,prod,Storage,resource-0365,centralus,Production,CloudOps,681.62,Yes,No
R-00366,AWS,dev,Database,resource-0366,centralus,Development,Application,448.6,No,No
R-00367,AWS,prod,Database,resource-0367,us-west-2,Test,Application,256.93,No,Yes
R-00368,Azure,shared,Function,resource-0368,us-west-2,Development,Application,778.49,Yes,Yes
R-00369,Azure,prod,LoadBalancer,resource-0369,us-west-2,Production,Application,280.88,Yes,No
R-00370,AWS,prod,Database,resource-0370,eastus,Production,CloudOps,299.28,No,Yes
R-00371,AWS,dev,Database,resource-0371,us-east-1,Test,Application,470.87,No,Yes
R-00372,AWS,shared,Database,resource-0372,centralus,Test,CloudOps,282.18,Yes,Yes
R-00373,Azure,prod,Storage,resource-0373,us-west-2,Test,Platform,507.88,Yes,Yes
R-00374,AWS,shared,VM,resource-0374,eastus,Development,Application,623.99,No,Yes
R-00375,AWS,shared,Function,resource-0375,eastus,Production,Platform,92.48,No,No
R-00376,Azure,dev,LoadBalancer,resource-0376,eastus,Development,CloudOps,809.64,Yes,Yes
R-00377,AWS,shared,Storage,resource-0377,eastus,Development,Application,242.69,Yes,Yes
R-00378,AWS,prod,Function,resource-0378,us-east-1,Development,CloudOps,34.36,No,No
R-00379,Azure,dev,VM,resource-0379,centralus,Development,CloudOps,574.59,No,Yes
R-00380,AWS,shared,Storage,resource-0380,us-west-2,Test,Platform,321.58,No,Yes
R-00381,AWS,shared,VM,resource-0381,us-east-1,Test,CloudOps,223.9,No,Yes
R-00382,AWS,shared,LoadBalancer,resource-0382,eastus,Development,Platform,290.64,No,Yes
R-00383,AWS,dev,Function,resource-0383,centralus,Development,Platform,84.73,Yes,Yes
R-00384,Azure,prod,Storage,resource-0384,eastus,Test,CloudOps,186.35,No,Yes
R-00385,AWS,prod,LoadBalancer,resource-0385,us-west-2,Test,Application,341.24,No,No
R-00386,AWS,dev,VM,resource-0386,eastus,Test,Platform,343.81,Yes,Yes
R-00387,AWS,shared,Database,resource-0387,centralus,Test,CloudOps,649.39,Yes,Yes
R-00388,AWS,shared,LoadBalancer,resource-0388,us-east-1,Development,Application,349.99,No,No
R-00389,Azure,shared,Function,resource-0389,us-east-1,Development,Platform,697.1,No,No
R-00390,Azure,dev,Function,resource-0390,us-east-1,Test,Platform,627.33,Yes,Yes
R-00391,Azure,shared,Function,resource-0391,eastus,Development,Application,819.9,Yes,Yes
R-00392,AWS,prod,Function,resource-0392,us-west-2,Test,Application,434.5,Yes,Yes
R-00393,AWS,shared,VM,resource-0393,us-east-1,Test,Application,603.01,Yes,Yes
R-00394,AWS,shared,VM,resource-0394,eastus,Test,Platform,179.38,No,Yes
R-00395,Azure,shared,Storage,resource-0395,centralus,Production,Platform,181.78,Yes,No
R-00396,Azure,prod,VM,resource-0396,us-east-1,Development,Application,299.82,Yes,No
R-00397,Azure,prod,Function,resource-0397,us-east-1,Production,CloudOps,506.47,No,No
R-00398,AWS,prod,LoadBalancer,resource-0398,us-east-1,Test,Platform,632.28,Yes,Yes
R-00399,AWS,shared,Function,resource-0399,centralus,Test,Platform,744.84,No,Yes
R-00400,AWS,prod,Storage,resource-0400,us-east-1,Production,Platform,771.43,Yes,No
R-00401,AWS,prod,LoadBalancer,resource-0401,us-east-1,Test,Application,469.46,Yes,Yes
R-00402,Azure,shared,VM,resource-0402,eastus,Test,Application,50.09,Yes,Yes
R-00403,AWS,shared,LoadBalancer,resource-0403,us-east-1,Test,Application,558.46,Yes,Yes
R-00404,Azure,prod,Function,resource-0404,us-west-2,Test,CloudOps,114.21,Yes,No
R-00405,AWS,dev,Database,resource-0405,centralus,Development,Platform,187.15,No,No
R-00406,Azure,shared,Function,resource-0406,eastus,Development,CloudOps,335.46,Yes,Yes
R-00407,Azure,shared,VM,resource-0407,us-west-2,Production,Platform,110.3,Yes,Yes
R-00408,AWS,shared,VM,resource-0408,centralus,Test,Application,400.57,No,Yes
R-00409,Azure,prod,Database,resource-0409,eastus,Development,CloudOps,253.07,Yes,Yes
R-00410,Azure,prod,Storage,resource-0410,us-west-2,Development,Application,529.68,No,Yes
R-00411,AWS,prod,Database,resource-0411,centralus,Production,Application,796.38,Yes,No
R-00412,AWS,prod,VM,resource-0412,centralus,Test,Platform,869.56,Yes,No
R-00413,Azure,prod,Storage,resource-0413,eastus,Test,Platform,29.55,No,Yes
R-00414,Azure,shared,Storage,resource-0414,us-west-2,Development,Platform,859.03,No,Yes
R-00415,Azure,dev,VM,resource-0415,us-east-1,Development,CloudOps,280.9,Yes,Yes
R-00416,AWS,dev,Storage,resource-0416,us-east-1,Production,Application,211.25,No,Yes
R-00417,AWS,dev,LoadBalancer,resource-0417,eastus,Test,Platform,452.68,No,Yes
R-00418,AWS,prod,Function,resource-0418,us-west-2,Development,CloudOps,74.05,Yes,Yes
R-00419,Azure,dev,VM,resource-0419,centralus,Development,CloudOps,234.98,No,Yes
R-00420,Azure,shared,VM,resource-0420,us-east-1,Production,CloudOps,660.09,Yes,No
R-00421,Azure,shared,Storage,resource-0421,us-east-1,Production,Platform,890.9,Yes,No
R-00422,Azure,prod,Function,resource-0422,us-east-1,Development,Application,510.54,Yes,Yes
R-00423,Azure,shared,VM,resource-0423,us-east-1,Development,Application,279.96,No,Yes
R-00424,Azure,prod,VM,resource-0424,us-east-1,Test,Platform,502.19,No,Yes
R-00425,AWS,dev,Storage,resource-0425,us-east-1,Development,Platform,379.82,Yes,No
R-00426,Azure,dev,Function,resource-0426,centralus,Development,Platform,644.07,Yes,No
R-00427,AWS,prod,LoadBalancer,resource-0427,centralus,Production,Platform,824.81,No,Yes
R-00428,Azure,dev,Storage,resource-0428,eastus,Development,CloudOps,322.39,Yes,No
R-00429,AWS,prod,VM,resource-0429,centralus,Test,CloudOps,536.96,Yes,Yes
R-00430,Azure,shared,Database,resource-0430,us-west-2,Test,Application,526.95,No,Yes
R-00431,AWS,dev,LoadBalancer,resource-0431,centralus,Production,Application,896.01,Yes,No
R-00432,Azure,prod,LoadBalancer,resource-0432,centralus,Development,Application,814.91,Yes,Yes
R-00433,Azure,prod,Database,resource-0433,us-west-2,Production,Application,461.64,Yes,Yes
R-00434,AWS,dev,Database,resource-0434,us-east-1,Test,CloudOps,730.73,Yes,Yes
R-00435,AWS,dev,Storage,resource-0435,us-west-2,Production,Platform,461.13,No,Yes
R-00436,AWS,prod,Storage,resource-0436,centralus,Test,CloudOps,463.05,Yes,Yes
R-00437,Azure,shared,LoadBalancer,resource-0437,us-west-2,Development,Platform,313.52,Yes,Yes
R-00438,AWS,shared,VM,resource-0438,eastus,Production,CloudOps,65.8,Yes,Yes
R-00439,AWS,shared,Function,resource-0439,us-west-2,Test,CloudOps,654.61,Yes,No
R-00440,AWS,shared,Function,resource-0440,us-west-2,Development,Platform,129.94,Yes,Yes
R-00441,Azure,prod,VM,resource-0441,us-west-2,Test,Platform,771.84,Yes,Yes
R-00442,Azure,shared,Function,resource-0442,eastus,Production,CloudOps,616.8,Yes,Yes
R-00443,AWS,dev,LoadBalancer,resource-0443,us-east-1,Development,Platform,695.66,No,Yes
R-00444,Azure,dev,VM,resource-0444,us-west-2,Test,Platform,800.77,Yes,Yes
R-00445,AWS,dev,Function,resource-0445,us-east-1,Production,CloudOps,561.95,No,Yes
R-00446,Azure,prod,Storage,resource-0446,us-east-1,Production,Platform,828.38,Yes,No
R-00447,AWS,shared,Database,resource-0447,eastus,Development,Platform,533.06,Yes,Yes
R-00448,AWS,dev,LoadBalancer,resource-0448,us-west-2,Development,CloudOps,705.69,No,Yes
R-00449,Azure,shared,Storage,resource-0449,centralus,Production,Platform,672.37,No,No
R-00450,Azure,shared,Storage,resource-0450,eastus,Development,Platform,832.82,No,Yes
R-00451,AWS,dev,Function,resource-0451,us-east-1,Test,CloudOps,496.75,No,Yes
R-00452,AWS,prod,Function,resource-0452,eastus,Development,Application,821.17,Yes,No
R-00453,Azure,shared,Database,resource-0453,eastus,Development,Platform,687.86,Yes,No
R-00454,Azure,dev,Function,resource-0454,us-east-1,Test,Platform,502.15,No,Yes
R-00455,Azure,dev,Function,resource-0455,eastus,Production,CloudOps,710.85,Yes,Yes
R-00456,AWS,dev,Database,resource-0456,us-east-1,Production,CloudOps,268.31,No,No
R-00457,Azure,prod,LoadBalancer,resource-0457,us-east-1,Production,Platform,125.6,Yes,No
R-00458,Azure,shared,Database,resource-0458,centralus,Production,Application,583.92,Yes,Yes
R-00459,Azure,dev,Function,resource-0459,us-east-1,Development,CloudOps,313.64,Yes,No
R-00460,Azure,shared,VM,resource-0460,us-west-2,Test,Platform,369.82,Yes,Yes
R-00461,Azure,prod,Storage,resource-0461,us-east-1,Development,Application,48.26,No,Yes
R-00462,Azure,prod,LoadBalancer,resource-0462,us-west-2,Test,Platform,264.63,Yes,Yes
R-00463,Azure,prod,LoadBalancer,resource-0463,us-east-1,Production,CloudOps,511.16,No,Yes
R-00464,AWS,shared,Function,resource-0464,centralus,Test,CloudOps,374.47,No,Yes
R-00465,AWS,prod,Storage,resource-0465,centralus,Development,CloudOps,878.65,No,Yes
R-00466,Azure,shared,VM,resource-0466,us-west-2,Test,CloudOps,466.01,No,Yes
R-00467,Azure,dev,Storage,resource-0467,us-east-1,Development,CloudOps,255.12,Yes,No
R-00468,Azure,prod,Database,resource-0468,centralus,Production,CloudOps,658.2,No,Yes
R-00469,Azure,prod,Storage,resource-0469,eastus,Development,Platform,383.74,No,Yes
R-00470,AWS,dev,Storage,resource-0470,us-east-1,Development,Platform,394.12,Yes,Yes
R-00471,Azure,prod,LoadBalancer,resource-0471,us-west-2,Production,Platform,626.58,No,Yes
R-00472,AWS,shared,LoadBalancer,resource-0472,us-west-2,Development,Platform,641.05,Yes,Yes
R-00473,AWS,dev,VM,resource-0473,us-west-2,Test,Application,861.41,No,Yes
R-00474,AWS,dev,LoadBalancer,resource-0474,centralus,Development,CloudOps,741.12,Yes,Yes
R-00475,Azure,dev,LoadBalancer,resource-0475,us-east-1,Test,Application,509.7,Yes,No
R-00476,Azure,dev,Storage,resource-0476,eastus,Production,Platform,458.34,Yes,No
R-00477,AWS,dev,Database,resource-0477,centralus,Test,CloudOps,553.31,No,Yes
R-00478,Azure,shared,Function,resource-0478,centralus,Production,Application,620.28,No,Yes
R-00479,AWS,prod,VM,resource-0479,eastus,Development,Application,572.8,Yes,No
R-00480,Azure,prod,Function,resource-0480,us-west-2,Test,CloudOps,5.53,No,Yes
R-00481,AWS,dev,VM,resource-0481,us-west-2,Development,CloudOps,829.29,No,Yes
R-00482,AWS,shared,Database,resource-0482,us-west-2,Test,CloudOps,605.05,Yes,No
R-00483,Azure,dev,LoadBalancer,resource-0483,us-east-1,Development,CloudOps,557.43,Yes,Yes
R-00484,AWS,shared,VM,resource-0484,centralus,Test,Platform,150.75,Yes,Yes
R-00485,Azure,shared,Function,resource-0485,eastus,Production,Platform,814.04,Yes,Yes
R-00486,Azure,prod,Function,resource-0486,us-east-1,Test,Application,357.51,Yes,No
R-00487,AWS,shared,Database,resource-0487,centralus,Test,Platform,289.9,Yes,No
R-00488,AWS,shared,LoadBalancer,resource-0488,centralus,Production,Platform,246.71,Yes,Yes
R-00489,AWS,prod,Storage,resource-0489,us-east-1,Development,Application,732.4,Yes,No
R-00490,AWS,shared,Database,resource-0490,centralus,Development,Platform,65.71,No,Yes
R-00491,AWS,dev,Storage,resource-0491,us-east-1,Development,Platform,105.61,No,No
R-00492,AWS,prod,VM,resource-0492,centralus,Development,Platform,759.71,Yes,Yes
R-00493,AWS,shared,LoadBalancer,resource-0493,eastus,Test,Platform,131.84,Yes,Yes
R-00494,Azure,shared,LoadBalancer,resource-0494,centralus,Test,Platform,749.34,Yes,No
R-00495,AWS,prod,Function,resource-0495,eastus,Development,Platform,56.79,No,Yes
R-00496,Azure,dev,Storage,resource-0496,eastus,Production,Platform,359.94,No,Yes
R-00497,AWS,prod,Database,resource-0497,us-west-2,Development,Platform,428.52,Yes,Yes
R-00498,AWS,dev,Function,resource-0498,us-east-1,Production,CloudOps,355.43,No,Yes
R-00499,AWS,prod,VM,resource-0499,us-east-1,Test,Application,823.63,Yes,Yes
R-00500,Azure,prod,Database,resource-0500,us-west-2,Production,Platform,554.87,No,No
