date,cloud,service,environment,cost_usd,budget_usd,variance_usd
2026-01-01,AWS,Monitoring,Production,1445.23,464.82,980.41
2026-01-02,Azure,Network,Test,1470.69,274.97,1195.72
2026-01-03,Azure,Database,Production,166.97,832.98,-666.01
2026-01-04,Azure,Storage,Production,1304.63,942.82,361.81
2026-01-05,AWS,Network,Test,320.44,335.05,-14.61
2026-01-06,Azure,Monitoring,Development,982.75,264.59,718.16
2026-01-07,Azure,Monitoring,Test,188.37,642.78,-454.41
2026-01-08,AWS,Monitoring,Development,1173.08,981.88,191.2
2026-01-09,Azure,Monitoring,Development,845.59,150.08,695.51
2026-01-10,Azure,Monitoring,Test,517.32,551.66,-34.34
2026-01-11,AWS,Storage,Development,228.95,1175.34,-946.39
2026-01-12,AWS,Storage,Production,470.7,1130.62,-659.92
2026-01-13,Azure,Monitoring,Production,701.26,919.72,-218.46
2026-01-14,Azure,Database,Production,879.54,494.1,385.44
2026-01-15,Azure,Storage,Test,622.47,436.0,186.47
2026-01-16,AWS,Monitoring,Test,451.94,1160.22,-708.28
2026-01-17,AWS,Storage,Development,1052.39,178.67,873.72
2026-01-18,Azure,Storage,Production,1083.68,589.48,494.2
2026-01-19,Azure,Monitoring,Production,941.46,1114.89,-173.43
2026-01-20,Azure,Compute,Development,1474.77,639.52,835.25
2026-01-21,AWS,Compute,Development,1095.02,145.7,949.32
2026-01-22,Azure,Storage,Test,1093.66,1083.26,10.4
2026-01-23,AWS,Database,Test,1010.62,1064.92,-54.3
2026-01-24,Azure,Network,Development,342.43,858.2,-515.77
2026-01-25,Azure,Network,Test,1478.16,855.7,622.46
2026-01-26,AWS,Database,Test,661.9,921.27,-259.37
2026-01-27,Azure,Network,Development,66.09,1069.98,-1003.89
2026-01-28,AWS,Database,Test,1495.84,293.82,1202.02
2026-01-29,Azure,Database,Test,629.65,210.61,419.04
2026-01-30,AWS,Compute,Production,454.45,291.32,163.13
2026-01-31,AWS,Monitoring,Test,957.23,620.56,336.67
2026-02-01,AWS,Storage,Test,1385.93,1050.92,335.01
2026-02-02,AWS,Compute,Production,302.98,141.13,161.85
2026-02-03,Azure,Database,Test,675.24,707.71,-32.47
2026-02-04,Azure,Storage,Development,379.85,180.19,199.66
2026-02-05,AWS,Compute,Development,108.85,213.06,-104.21
2026-02-06,Azure,Network,Test,462.06,811.42,-349.36
2026-02-07,AWS,Compute,Test,953.55,423.23,530.32
2026-02-08,Azure,Network,Test,818.9,762.77,56.13
2026-02-09,AWS,Network,Development,1483.28,768.13,715.15
2026-02-10,Azure,Compute,Test,380.8,955.74,-574.94
2026-02-11,Azure,Storage,Production,544.61,736.09,-191.48
2026-02-12,AWS,Monitoring,Test,1331.8,941.72,390.08
2026-02-13,Azure,Storage,Production,209.29,756.47,-547.18
2026-02-14,Azure,Monitoring,Test,311.07,1075.52,-764.45
2026-02-15,Azure,Network,Test,428.7,257.74,170.96
2026-02-16,Azure,Compute,Production,619.47,469.19,150.28
2026-02-17,Azure,Network,Development,324.6,759.16,-434.56
2026-02-18,Azure,Monitoring,Production,1275.35,1003.15,272.2
2026-02-19,Azure,Compute,Test,391.55,989.39,-597.84
2026-02-20,AWS,Monitoring,Test,859.89,300.06,559.83
2026-02-21,AWS,Database,Test,1172.61,293.83,878.78
2026-02-22,Azure,Database,Test,277.14,1089.88,-812.74
2026-02-23,Azure,Monitoring,Development,1482.49,432.44,1050.05
2026-02-24,Azure,Monitoring,Development,1216.2,495.81,720.39
2026-02-25,Azure,Storage,Development,1144.31,1193.97,-49.66
2026-02-26,Azure,Compute,Production,431.55,858.07,-426.52
2026-02-27,Azure,Compute,Production,1394.95,650.6,744.35
2026-02-28,AWS,Network,Production,168.49,258.97,-90.48
2026-03-01,AWS,Compute,Production,901.78,1026.37,-124.59
2026-03-02,Azure,Network,Production,1258.83,1131.12,127.71
2026-03-03,Azure,Compute,Production,1168.71,776.91,391.8
2026-03-04,AWS,Compute,Production,660.82,581.93,78.89
2026-03-05,Azure,Storage,Production,695.67,193.11,502.56
2026-03-06,AWS,Compute,Production,1212.43,816.04,396.39
2026-03-07,Azure,Database,Production,1032.08,179.18,852.9
2026-03-08,Azure,Storage,Production,770.11,524.36,245.75
2026-03-09,Azure,Network,Test,756.28,172.64,583.64
2026-03-10,AWS,Compute,Production,875.61,629.97,245.64
2026-03-11,Azure,Compute,Production,681.57,983.67,-302.1
2026-03-12,Azure,Storage,Development,917.68,1077.69,-160.01
2026-03-13,Azure,Compute,Test,347.9,1160.12,-812.22
2026-03-14,Azure,Storage,Test,1341.41,1109.34,232.07
2026-03-15,Azure,Network,Production,1455.04,1002.96,452.08
2026-03-16,AWS,Compute,Test,272.54,794.89,-522.35
2026-03-17,Azure,Database,Production,96.55,638.3,-541.75
2026-03-18,Azure,Storage,Development,956.75,644.61,312.14
2026-03-19,Azure,Network,Development,832.03,780.17,51.86
2026-03-20,AWS,Database,Production,931.17,1054.25,-123.08
2026-03-21,Azure,Compute,Test,124.44,759.09,-634.65
2026-03-22,Azure,Storage,Test,387.64,409.2,-21.56
2026-03-23,AWS,Storage,Production,1165.2,514.73,650.47
2026-03-24,Azure,Database,Production,693.03,1105.22,-412.19
2026-03-25,AWS,Network,Development,1142.77,104.53,1038.24
2026-03-26,AWS,Network,Development,1026.36,723.16,303.2
2026-03-27,AWS,Storage,Production,1058.47,320.06,738.41
2026-03-28,Azure,Monitoring,Test,775.03,365.81,409.22
2026-03-29,AWS,Network,Development,248.98,892.79,-643.81
2026-03-30,Azure,Network,Test,462.41,369.71,92.7
2026-03-31,AWS,Database,Development,1306.38,802.55,503.83
2026-04-01,AWS,Network,Development,1345.42,673.22,672.2
2026-04-02,Azure,Storage,Test,600.0,769.11,-169.11
2026-04-03,AWS,Storage,Production,103.61,1189.07,-1085.46
2026-04-04,AWS,Monitoring,Production,521.55,684.16,-162.61
2026-04-05,AWS,Storage,Test,339.85,879.34,-539.49
2026-04-06,AWS,Network,Test,1480.7,1060.05,420.65
2026-04-07,AWS,Monitoring,Test,501.08,462.79,38.29
2026-04-08,AWS,Database,Test,233.17,932.32,-699.15
2026-04-09,Azure,Monitoring,Production,897.38,1040.49,-143.11
2026-04-10,Azure,Database,Development,238.23,891.82,-653.59
2026-04-11,AWS,Network,Test,1485.7,872.42,613.28
2026-04-12,AWS,Monitoring,Development,1289.43,595.52,693.91
2026-04-13,AWS,Compute,Production,119.63,724.61,-604.98
2026-04-14,Azure,Monitoring,Production,654.78,360.8,293.98
2026-04-15,Azure,Monitoring,Development,227.35,337.98,-110.63
2026-04-16,AWS,Monitoring,Production,1220.29,754.51,465.78
2026-04-17,AWS,Compute,Production,318.7,817.93,-499.23
2026-04-18,Azure,Database,Development,445.98,110.92,335.06
2026-04-19,Azure,Network,Development,935.7,495.9,439.8
2026-04-20,Azure,Monitoring,Development,414.57,526.95,-112.38
2026-04-21,AWS,Database,Test,1094.94,1102.1,-7.16
2026-04-22,Azure,Compute,Test,238.65,280.64,-41.99
2026-04-23,Azure,Compute,Production,1036.61,291.59,745.02
2026-04-24,AWS,Database,Test,572.43,628.84,-56.41
2026-04-25,Azure,Database,Development,1262.8,114.83,1147.97
2026-04-26,Azure,Database,Development,1275.3,993.33,281.97
2026-04-27,Azure,Monitoring,Production,756.69,473.86,282.83
2026-04-28,AWS,Monitoring,Development,1092.8,605.37,487.43
2026-04-29,Azure,Compute,Development,1141.17,241.57,899.6
2026-04-30,Azure,Database,Test,1391.19,796.68,594.51
2026-05-01,Azure,Database,Test,744.0,574.16,169.84
2026-05-02,AWS,Compute,Test,570.06,981.0,-410.94
2026-05-03,Azure,Compute,Development,380.38,675.69,-295.31
2026-05-04,Azure,Monitoring,Development,1288.44,815.87,472.57
2026-05-05,Azure,Database,Test,1198.47,506.11,692.36
2026-05-06,Azure,Network,Development,1143.79,414.22,729.57
2026-05-07,AWS,Storage,Production,381.62,1113.29,-731.67
2026-05-08,AWS,Database,Test,1225.03,808.58,416.45
2026-05-09,Azure,Database,Test,789.58,1172.13,-382.55
2026-05-10,AWS,Storage,Production,865.59,279.59,586.0
2026-05-11,AWS,Network,Development,400.51,966.42,-565.91
2026-05-12,Azure,Monitoring,Production,118.19,455.79,-337.6
2026-05-13,AWS,Monitoring,Development,456.58,559.01,-102.43
2026-05-14,AWS,Storage,Development,1066.87,678.37,388.5
2026-05-15,Azure,Database,Development,700.95,640.09,60.86
2026-05-16,Azure,Storage,Development,1059.02,884.94,174.08
2026-05-17,Azure,Database,Test,1096.58,183.82,912.76
2026-05-18,Azure,Monitoring,Production,577.86,1089.96,-512.1
2026-05-19,Azure,Monitoring,Production,677.13,499.08,178.05
2026-05-20,Azure,Network,Production,1174.52,556.99,617.53
2026-05-21,AWS,Compute,Test,890.68,409.21,481.47
2026-05-22,AWS,Monitoring,Development,1037.35,865.26,172.09
2026-05-23,Azure,Network,Production,571.0,487.54,83.46
2026-05-24,AWS,Monitoring,Test,610.27,541.81,68.46
2026-05-25,Azure,Storage,Development,787.47,197.97,589.5
2026-05-26,Azure,Network,Test,71.61,378.34,-306.73
2026-05-27,AWS,Storage,Development,596.32,465.61,130.71
2026-05-28,Azure,Monitoring,Test,438.57,475.6,-37.03
2026-05-29,Azure,Monitoring,Development,923.87,1012.49,-88.62
2026-05-30,AWS,Database,Development,1467.34,812.5,654.84
2026-05-31,Azure,Compute,Development,1488.28,123.14,1365.14
2026-06-01,Azure,Storage,Production,65.59,290.22,-224.63
2026-06-02,AWS,Database,Development,66.45,1161.49,-1095.04
2026-06-03,AWS,Monitoring,Test,480.53,993.88,-513.35
2026-06-04,Azure,Compute,Production,115.65,127.81,-12.16
2026-06-05,Azure,Storage,Test,525.38,288.38,237.0
2026-06-06,Azure,Monitoring,Test,246.41,505.48,-259.07
2026-06-07,Azure,Compute,Test,173.67,893.28,-719.61
2026-06-08,AWS,Compute,Test,1286.9,892.11,394.79
2026-06-09,Azure,Monitoring,Production,1452.32,418.03,1034.29
2026-06-10,Azure,Compute,Production,580.74,888.42,-307.68
2026-06-11,AWS,Compute,Test,549.71,1151.91,-602.2
2026-06-12,Azure,Monitoring,Production,287.12,570.9,-283.78
2026-06-13,AWS,Compute,Production,1251.61,545.4,706.21
2026-06-14,Azure,Network,Development,340.89,858.38,-517.49
2026-06-15,AWS,Compute,Test,949.69,595.93,353.76
2026-06-16,AWS,Database,Production,374.09,271.73,102.36
2026-06-17,Azure,Compute,Development,269.61,1134.41,-864.8
2026-06-18,AWS,Storage,Test,1300.19,143.67,1156.52
2026-06-19,AWS,Monitoring,Production,904.57,886.97,17.6
2026-06-20,Azure,Storage,Test,1226.39,1007.51,218.88
2026-06-21,AWS,Database,Test,900.71,579.75,320.96
2026-06-22,AWS,Network,Development,577.05,470.76,106.29
2026-06-23,AWS,Compute,Development,1240.58,752.08,488.5
2026-06-24,AWS,Storage,Production,320.64,738.6,-417.96
2026-06-25,AWS,Compute,Production,1006.36,818.41,187.95
2026-06-26,Azure,Compute,Production,418.93,197.57,221.36
2026-06-27,Azure,Database,Production,428.31,1032.18,-603.87
2026-06-28,AWS,Monitoring,Production,441.59,264.61,176.98
2026-06-29,AWS,Monitoring,Test,570.74,188.35,382.39
2026-01-01,AWS,Compute,Development,120.7,1151.4,-1030.7
2026-01-02,Azure,Storage,Production,587.56,1123.79,-536.23
2026-01-03,AWS,Monitoring,Test,1067.43,764.41,303.02
2026-01-04,AWS,Monitoring,Production,254.07,472.53,-218.46
2026-01-05,Azure,Database,Test,1205.5,961.36,244.14
2026-01-06,AWS,Storage,Production,1214.96,1156.3,58.66
2026-01-07,AWS,Compute,Production,1054.39,830.24,224.15
2026-01-08,Azure,Monitoring,Development,239.63,101.24,138.39
2026-01-09,AWS,Compute,Development,407.17,216.14,191.03
2026-01-10,Azure,Network,Development,495.12,257.3,237.82
2026-01-11,Azure,Compute,Production,273.15,230.89,42.26
2026-01-12,Azure,Compute,Production,804.04,348.47,455.57
2026-01-13,Azure,Storage,Test,1373.48,260.92,1112.56
2026-01-14,Azure,Storage,Production,1361.3,1110.09,251.21
2026-01-15,Azure,Storage,Test,323.62,628.92,-305.3
2026-01-16,Azure,Compute,Production,1111.84,1033.76,78.08
2026-01-17,Azure,Monitoring,Test,758.42,298.98,459.44
2026-01-18,AWS,Monitoring,Production,968.99,694.73,274.26
2026-01-19,AWS,Compute,Production,848.68,481.59,367.09
2026-01-20,Azure,Storage,Test,1119.42,191.93,927.49
2026-01-21,Azure,Database,Production,815.67,1160.38,-344.71
2026-01-22,AWS,Database,Production,539.33,1155.09,-615.76
2026-01-23,AWS,Monitoring,Production,812.97,802.74,10.23
2026-01-24,Azure,Storage,Test,666.33,592.39,73.94
2026-01-25,Azure,Monitoring,Test,220.33,169.57,50.76
2026-01-26,AWS,Network,Production,911.97,1023.04,-111.07
2026-01-27,Azure,Database,Development,875.64,1047.65,-172.01
2026-01-28,Azure,Monitoring,Test,600.26,1127.96,-527.7
2026-01-29,Azure,Database,Development,427.21,891.57,-464.36
2026-01-30,Azure,Monitoring,Development,1240.19,331.66,908.53
2026-01-31,Azure,Compute,Development,592.77,669.73,-76.96
2026-02-01,Azure,Database,Development,554.11,327.0,227.11
2026-02-02,Azure,Storage,Production,1396.2,879.43,516.77
2026-02-03,AWS,Compute,Test,597.58,1099.0,-501.42
2026-02-04,AWS,Database,Development,759.82,855.59,-95.77
2026-02-05,AWS,Network,Production,166.63,165.21,1.42
2026-02-06,AWS,Monitoring,Test,1419.7,573.23,846.47
2026-02-07,Azure,Network,Production,853.66,707.85,145.81
2026-02-08,Azure,Storage,Production,1173.06,180.85,992.21
2026-02-09,AWS,Storage,Test,886.07,582.51,303.56
2026-02-10,Azure,Network,Development,1344.79,847.89,496.9
2026-02-11,AWS,Database,Development,1212.37,1076.93,135.44
2026-02-12,AWS,Storage,Production,486.97,918.1,-431.13
2026-02-13,Azure,Database,Production,618.58,788.38,-169.8
2026-02-14,AWS,Storage,Production,1285.28,457.18,828.1
2026-02-15,AWS,Compute,Test,833.33,882.93,-49.6
2026-02-16,AWS,Monitoring,Test,696.23,553.19,143.04
2026-02-17,Azure,Storage,Development,305.63,976.45,-670.82
2026-02-18,Azure,Storage,Development,1138.36,1014.33,124.03
2026-02-19,Azure,Storage,Test,1148.07,793.84,354.23
2026-02-20,Azure,Compute,Development,1124.78,395.49,729.29
2026-02-21,Azure,Compute,Test,1487.91,461.46,1026.45
2026-02-22,AWS,Network,Production,1200.5,922.42,278.08
2026-02-23,AWS,Database,Development,239.24,197.0,42.24
2026-02-24,AWS,Database,Test,1422.07,392.82,1029.25
2026-02-25,AWS,Network,Development,1033.53,817.94,215.59
2026-02-26,Azure,Compute,Production,662.88,506.64,156.24
2026-02-27,Azure,Monitoring,Test,739.86,270.86,469.0
2026-02-28,AWS,Monitoring,Development,1200.85,875.3,325.55
2026-03-01,Azure,Storage,Production,1454.35,542.19,912.16
2026-03-02,Azure,Database,Production,1080.47,737.1,343.37
2026-03-03,Azure,Compute,Development,426.43,660.84,-234.41
2026-03-04,AWS,Compute,Test,615.73,1147.15,-531.42
2026-03-05,Azure,Network,Development,1374.8,648.47,726.33
2026-03-06,AWS,Storage,Production,213.24,403.54,-190.3
2026-03-07,Azure,Network,Test,301.42,792.46,-491.04
2026-03-08,AWS,Compute,Test,636.92,984.28,-347.36
2026-03-09,Azure,Storage,Test,1231.99,857.65,374.34
2026-03-10,AWS,Monitoring,Test,1490.15,1082.82,407.33
2026-03-11,Azure,Monitoring,Production,858.35,1081.45,-223.1
2026-03-12,AWS,Storage,Development,1019.51,1191.68,-172.17
2026-03-13,AWS,Monitoring,Production,992.96,635.68,357.28
2026-03-14,Azure,Monitoring,Production,1078.79,1079.92,-1.13
2026-03-15,AWS,Database,Test,634.29,1067.11,-432.82
2026-03-16,AWS,Storage,Production,770.77,1063.85,-293.08
2026-03-17,Azure,Compute,Production,251.47,1077.83,-826.36
2026-03-18,AWS,Monitoring,Production,1375.78,997.1,378.68
2026-03-19,AWS,Storage,Test,1362.03,1135.01,227.02
2026-03-20,Azure,Storage,Production,319.09,1018.25,-699.16
2026-03-21,AWS,Database,Test,184.09,854.67,-670.58
2026-03-22,AWS,Network,Production,999.08,600.27,398.81
2026-03-23,AWS,Network,Development,150.77,195.56,-44.79
2026-03-24,AWS,Storage,Production,140.1,831.0,-690.9
2026-03-25,AWS,Database,Test,1167.88,311.88,856.0
2026-03-26,Azure,Database,Test,737.11,895.26,-158.15
2026-03-27,Azure,Storage,Production,453.99,465.24,-11.25
2026-03-28,AWS,Compute,Development,259.85,1137.87,-878.02
2026-03-29,Azure,Compute,Development,811.04,508.92,302.12
2026-03-30,Azure,Compute,Test,655.53,974.59,-319.06
2026-03-31,Azure,Monitoring,Production,1303.58,382.47,921.11
2026-04-01,Azure,Storage,Test,1227.43,618.68,608.75
2026-04-02,AWS,Monitoring,Test,288.21,293.82,-5.61
2026-04-03,AWS,Database,Production,795.12,863.88,-68.76
2026-04-04,Azure,Network,Test,304.84,807.63,-502.79
2026-04-05,Azure,Monitoring,Production,1301.4,206.24,1095.16
2026-04-06,AWS,Compute,Production,603.4,940.79,-337.39
2026-04-07,AWS,Compute,Test,205.07,331.63,-126.56
2026-04-08,AWS,Compute,Production,633.85,917.03,-283.18
2026-04-09,AWS,Network,Test,1401.58,1083.92,317.66
2026-04-10,AWS,Database,Test,144.99,241.67,-96.68
2026-04-11,Azure,Database,Development,291.07,326.85,-35.78
2026-04-12,Azure,Compute,Development,1494.43,632.1,862.33
2026-04-13,Azure,Storage,Development,1433.52,233.09,1200.43
2026-04-14,AWS,Storage,Production,1406.89,1062.32,344.57
2026-04-15,AWS,Network,Test,753.11,493.14,259.97
2026-04-16,Azure,Database,Development,240.5,1109.92,-869.42
2026-04-17,Azure,Network,Test,1232.92,435.84,797.08
2026-04-18,Azure,Monitoring,Development,1144.47,900.99,243.48
2026-04-19,AWS,Monitoring,Development,530.84,535.63,-4.79
2026-04-20,AWS,Monitoring,Production,1070.52,765.87,304.65
2026-04-21,AWS,Database,Production,662.86,944.81,-281.95
2026-04-22,Azure,Database,Test,1382.07,1132.66,249.41
2026-04-23,Azure,Storage,Production,496.47,624.41,-127.94
2026-04-24,AWS,Network,Test,736.11,166.94,569.17
2026-04-25,Azure,Storage,Test,1197.39,1177.1,20.29
2026-04-26,AWS,Monitoring,Test,1308.0,544.94,763.06
2026-04-27,Azure,Network,Development,105.9,476.83,-370.93
2026-04-28,AWS,Monitoring,Test,376.56,720.78,-344.22
2026-04-29,AWS,Storage,Production,547.72,723.46,-175.74
2026-04-30,Azure,Monitoring,Production,1086.79,378.51,708.28
2026-05-01,Azure,Compute,Test,319.96,207.12,112.84
2026-05-02,AWS,Database,Test,930.29,1049.82,-119.53
2026-05-03,AWS,Database,Development,1397.53,351.19,1046.34
2026-05-04,AWS,Monitoring,Development,396.73,938.11,-541.38
2026-05-05,Azure,Storage,Development,1078.25,497.41,580.84
2026-05-06,AWS,Network,Production,1231.32,419.05,812.27
2026-05-07,AWS,Database,Test,89.6,917.5,-827.9
2026-05-08,AWS,Network,Development,405.88,490.44,-84.56
2026-05-09,Azure,Monitoring,Test,1398.86,673.18,725.68
2026-05-10,Azure,Monitoring,Production,1012.09,1145.79,-133.7
2026-05-11,AWS,Storage,Production,1264.78,695.64,569.14
2026-05-12,Azure,Database,Development,531.28,623.82,-92.54
2026-05-13,AWS,Compute,Test,481.92,250.76,231.16
2026-05-14,AWS,Network,Test,802.08,557.72,244.36
2026-05-15,AWS,Database,Test,1220.66,429.45,791.21
2026-05-16,Azure,Database,Test,514.01,810.44,-296.43
2026-05-17,Azure,Compute,Production,837.92,863.86,-25.94
2026-05-18,Azure,Monitoring,Test,1302.22,309.39,992.83
2026-05-19,Azure,Database,Test,184.14,948.88,-764.74
2026-05-20,AWS,Monitoring,Production,1421.9,207.04,1214.86
2026-05-21,Azure,Monitoring,Development,1077.27,923.0,154.27
2026-05-22,Azure,Compute,Test,913.77,840.51,73.26
2026-05-23,Azure,Network,Development,681.84,1047.37,-365.53
2026-05-24,Azure,Network,Production,1045.97,1002.75,43.22
2026-05-25,Azure,Storage,Test,222.82,181.27,41.55
2026-05-26,AWS,Compute,Test,900.75,741.3,159.45
2026-05-27,AWS,Compute,Production,262.44,655.24,-392.8
2026-05-28,Azure,Storage,Test,631.3,740.03,-108.73
2026-05-29,Azure,Monitoring,Test,229.0,1102.87,-873.87
2026-05-30,AWS,Compute,Development,1062.76,992.26,70.5
2026-05-31,Azure,Network,Development,646.39,1172.87,-526.48
2026-06-01,AWS,Storage,Development,1368.9,265.11,1103.79
2026-06-02,Azure,Compute,Development,96.82,104.76,-7.94
2026-06-03,Azure,Network,Development,1051.07,798.49,252.58
2026-06-04,AWS,Database,Test,1263.54,232.63,1030.91
2026-06-05,Azure,Monitoring,Production,227.15,1168.16,-941.01
2026-06-06,AWS,Network,Production,1063.07,275.45,787.62
2026-06-07,Azure,Monitoring,Test,1161.21,642.81,518.4
2026-06-08,AWS,Storage,Development,682.4,340.24,342.16
2026-06-09,Azure,Storage,Development,469.89,405.43,64.46
2026-06-10,Azure,Database,Test,998.54,509.32,489.22
2026-06-11,AWS,Database,Test,574.88,588.71,-13.83
2026-06-12,Azure,Storage,Production,1122.67,156.51,966.16
2026-06-13,Azure,Compute,Test,668.29,148.45,519.84
2026-06-14,Azure,Database,Production,1171.08,359.38,811.7
2026-06-15,Azure,Network,Test,1079.42,1024.57,54.85
2026-06-16,AWS,Storage,Test,1405.06,489.91,915.15
2026-06-17,Azure,Network,Test,477.73,600.67,-122.94
2026-06-18,Azure,Network,Test,697.9,535.87,162.03
2026-06-19,Azure,Compute,Development,1179.46,1084.12,95.34
2026-06-20,Azure,Network,Development,164.29,616.15,-451.86
2026-06-21,Azure,Compute,Development,97.48,497.86,-400.38
2026-06-22,AWS,Database,Development,1064.0,766.97,297.03
2026-06-23,Azure,Compute,Test,277.98,1131.35,-853.37
2026-06-24,AWS,Storage,Development,130.95,520.39,-389.44
2026-06-25,AWS,Network,Production,148.39,158.63,-10.24
2026-06-26,AWS,Compute,Test,299.77,250.68,49.09
2026-06-27,Azure,Monitoring,Test,1144.22,1013.92,130.3
2026-06-28,AWS,Network,Development,1248.26,686.95,561.31
2026-06-29,Azure,Storage,Development,1097.3,969.98,127.32
2026-01-01,Azure,Monitoring,Production,823.5,1101.93,-278.43
2026-01-02,AWS,Network,Development,208.25,1102.61,-894.36
2026-01-03,Azure,Compute,Production,1290.81,514.62,776.19
2026-01-04,AWS,Compute,Development,115.94,227.38,-111.44
2026-01-05,AWS,Monitoring,Development,83.3,773.01,-689.71
2026-01-06,Azure,Database,Development,1403.87,1108.63,295.24
2026-01-07,AWS,Monitoring,Test,113.99,1085.47,-971.48
2026-01-08,AWS,Network,Test,1413.81,707.98,705.83
2026-01-09,Azure,Database,Test,699.1,389.55,309.55
2026-01-10,AWS,Database,Development,1324.86,600.2,724.66
2026-01-11,Azure,Compute,Development,340.01,496.39,-156.38
2026-01-12,AWS,Compute,Production,749.29,739.08,10.21
2026-01-13,Azure,Storage,Development,1227.23,436.67,790.56
2026-01-14,AWS,Storage,Development,437.37,873.03,-435.66
2026-01-15,Azure,Network,Test,898.08,549.03,349.05
2026-01-16,AWS,Database,Production,568.2,508.58,59.62
2026-01-17,Azure,Compute,Test,949.14,546.39,402.75
2026-01-18,Azure,Storage,Development,842.66,1116.49,-273.83
2026-01-19,AWS,Database,Test,372.9,239.15,133.75
2026-01-20,AWS,Monitoring,Production,1138.4,277.06,861.34
2026-01-21,Azure,Storage,Development,705.14,1073.03,-367.89
2026-01-22,Azure,Storage,Test,391.3,510.25,-118.95
2026-01-23,AWS,Network,Test,1021.13,860.93,160.2
2026-01-24,AWS,Monitoring,Test,327.1,883.63,-556.53
2026-01-25,AWS,Compute,Development,139.38,227.12,-87.74
2026-01-26,Azure,Database,Development,947.86,583.69,364.17
2026-01-27,AWS,Network,Production,580.23,368.59,211.64
2026-01-28,AWS,Database,Development,782.96,935.42,-152.46
2026-01-29,Azure,Network,Development,1009.26,875.29,133.97
2026-01-30,Azure,Monitoring,Development,1212.46,164.09,1048.37
2026-01-31,AWS,Network,Test,365.47,192.03,173.44
2026-02-01,AWS,Storage,Production,495.7,1144.04,-648.34
2026-02-02,Azure,Monitoring,Production,152.4,619.82,-467.42
2026-02-03,AWS,Monitoring,Production,1012.68,477.82,534.86
2026-02-04,Azure,Network,Development,229.03,1121.6,-892.57
2026-02-05,Azure,Storage,Test,1304.71,853.2,451.51
2026-02-06,AWS,Monitoring,Production,1252.2,262.16,990.04
2026-02-07,Azure,Database,Test,631.69,401.22,230.47
2026-02-08,Azure,Compute,Test,174.66,536.45,-361.79
2026-02-09,Azure,Database,Development,1124.17,711.87,412.3
2026-02-10,AWS,Storage,Development,658.61,510.65,147.96
2026-02-11,AWS,Network,Development,180.71,1129.16,-948.45
2026-02-12,AWS,Storage,Production,1259.53,1187.61,71.92
2026-02-13,AWS,Database,Development,821.9,927.93,-106.03
2026-02-14,Azure,Database,Production,376.34,650.99,-274.65
2026-02-15,AWS,Compute,Test,82.12,743.4,-661.28
2026-02-16,AWS,Database,Test,918.23,251.43,666.8
2026-02-17,Azure,Database,Production,1186.03,986.24,199.79
2026-02-18,Azure,Compute,Production,555.46,630.79,-75.33
2026-02-19,Azure,Network,Development,572.95,378.41,194.54
2026-02-20,AWS,Monitoring,Test,197.92,408.01,-210.09
2026-02-21,Azure,Network,Test,1333.62,1140.09,193.53
2026-02-22,Azure,Storage,Development,394.3,537.06,-142.76
2026-02-23,AWS,Compute,Production,1413.6,1050.6,363.0
2026-02-24,Azure,Database,Test,786.25,527.94,258.31
2026-02-25,AWS,Storage,Development,971.3,743.96,227.34
2026-02-26,Azure,Storage,Development,371.85,810.66,-438.81
2026-02-27,Azure,Monitoring,Production,1165.36,140.5,1024.86
2026-02-28,Azure,Network,Production,824.68,965.74,-141.06
2026-03-01,Azure,Database,Development,854.95,725.26,129.69
2026-03-02,Azure,Network,Production,765.22,1176.71,-411.49
2026-03-03,Azure,Compute,Development,786.09,372.97,413.12
2026-03-04,Azure,Monitoring,Test,1270.13,502.02,768.11
2026-03-05,Azure,Storage,Production,231.49,690.34,-458.85
2026-03-06,Azure,Database,Test,434.03,114.44,319.59
2026-03-07,AWS,Storage,Test,1185.46,297.86,887.6
2026-03-08,Azure,Storage,Test,1168.63,866.0,302.63
2026-03-09,AWS,Storage,Test,123.07,840.09,-717.02
2026-03-10,AWS,Compute,Production,1410.73,1050.28,360.45
2026-03-11,AWS,Compute,Production,525.83,426.01,99.82
2026-03-12,AWS,Network,Test,1024.67,718.58,306.09
2026-03-13,Azure,Database,Test,350.79,827.37,-476.58
2026-03-14,Azure,Database,Production,1079.55,842.75,236.8
2026-03-15,Azure,Monitoring,Production,189.1,449.01,-259.91
2026-03-16,Azure,Compute,Production,839.87,506.03,333.84
2026-03-17,AWS,Database,Production,609.97,370.36,239.61
2026-03-18,Azure,Database,Test,1281.62,538.39,743.23
2026-03-19,AWS,Network,Development,233.52,248.82,-15.3
2026-03-20,Azure,Monitoring,Production,587.34,450.56,136.78
2026-03-21,AWS,Network,Test,313.77,1157.05,-843.28
2026-03-22,Azure,Database,Development,846.28,235.75,610.53
2026-03-23,Azure,Database,Development,1181.65,254.51,927.14
2026-03-24,Azure,Storage,Production,727.74,745.55,-17.81
2026-03-25,Azure,Compute,Test,1115.48,964.49,150.99
2026-03-26,Azure,Compute,Test,1467.77,767.88,699.89
2026-03-27,AWS,Monitoring,Production,1225.27,140.5,1084.77
2026-03-28,AWS,Monitoring,Test,364.29,832.2,-467.91
2026-03-29,AWS,Network,Production,1088.11,319.43,768.68
2026-03-30,AWS,Network,Production,1464.93,477.5,987.43
2026-03-31,AWS,Storage,Production,1310.61,1056.13,254.48
2026-04-01,AWS,Network,Production,1127.55,314.17,813.38
2026-04-02,AWS,Database,Production,1169.77,269.62,900.15
2026-04-03,AWS,Network,Production,1075.91,550.19,525.72
2026-04-04,Azure,Monitoring,Test,413.21,847.09,-433.88
2026-04-05,AWS,Monitoring,Production,741.27,144.22,597.05
2026-04-06,Azure,Database,Test,1322.0,835.61,486.39
2026-04-07,AWS,Compute,Test,652.04,242.54,409.5
2026-04-08,Azure,Monitoring,Production,1049.69,468.55,581.14
2026-04-09,AWS,Network,Development,1499.18,233.62,1265.56
2026-04-10,Azure,Monitoring,Production,499.14,294.92,204.22
2026-04-11,Azure,Monitoring,Test,1273.61,533.99,739.62
2026-04-12,AWS,Database,Production,1210.99,949.72,261.27
2026-04-13,AWS,Database,Test,1382.7,617.69,765.01
2026-04-14,Azure,Monitoring,Test,222.07,613.07,-391.0
2026-04-15,Azure,Monitoring,Development,1176.83,691.91,484.92
2026-04-16,AWS,Monitoring,Development,1248.12,558.94,689.18
2026-04-17,Azure,Network,Development,591.92,1026.72,-434.8
2026-04-18,Azure,Database,Test,1383.6,466.58,917.02
2026-04-19,AWS,Storage,Test,1091.67,1040.82,50.85
2026-04-20,AWS,Database,Production,1270.41,227.83,1042.58
2026-04-21,AWS,Network,Test,98.75,394.05,-295.3
2026-04-22,AWS,Compute,Test,1164.61,239.31,925.3
2026-04-23,Azure,Storage,Test,1490.12,456.98,1033.14
2026-04-24,Azure,Database,Production,689.88,134.91,554.97
2026-04-25,AWS,Network,Development,997.29,548.54,448.75
2026-04-26,AWS,Database,Test,1289.05,1160.79,128.26
2026-04-27,Azure,Monitoring,Development,906.94,984.87,-77.93
2026-04-28,Azure,Compute,Development,107.46,796.4,-688.94
2026-04-29,Azure,Network,Development,951.59,338.53,613.06
2026-04-30,AWS,Database,Production,1132.65,1154.8,-22.15
2026-05-01,Azure,Database,Production,743.02,993.53,-250.51
2026-05-02,Azure,Compute,Production,523.36,645.98,-122.62
2026-05-03,AWS,Monitoring,Test,678.01,240.38,437.63
2026-05-04,AWS,Compute,Test,361.11,539.61,-178.5
2026-05-05,AWS,Network,Development,406.02,235.67,170.35
2026-05-06,AWS,Storage,Production,1422.67,1089.59,333.08
2026-05-07,AWS,Storage,Production,155.9,687.18,-531.28
2026-05-08,AWS,Database,Development,1012.56,185.55,827.01
2026-05-09,Azure,Monitoring,Production,776.5,357.68,418.82
2026-05-10,AWS,Storage,Test,1499.48,299.14,1200.34
2026-05-11,AWS,Compute,Test,1365.69,945.03,420.66
2026-05-12,Azure,Network,Production,246.86,873.61,-626.75
2026-05-13,AWS,Database,Development,388.48,755.28,-366.8
2026-05-14,AWS,Monitoring,Production,761.97,1005.98,-244.01
2026-05-15,Azure,Compute,Development,1083.29,869.65,213.64
2026-05-16,AWS,Database,Production,442.96,388.95,54.01
2026-05-17,AWS,Storage,Development,555.77,795.29,-239.52
2026-05-18,Azure,Network,Test,500.96,212.74,288.22
2026-05-19,Azure,Storage,Test,658.69,427.91,230.78
2026-05-20,AWS,Network,Production,167.28,1100.99,-933.71
2026-05-21,AWS,Monitoring,Development,247.38,306.73,-59.35
2026-05-22,AWS,Network,Development,689.85,985.04,-295.19
2026-05-23,Azure,Network,Production,1114.55,637.8,476.75
2026-05-24,Azure,Compute,Test,774.87,1089.22,-314.35
2026-05-25,Azure,Network,Development,1232.01,387.51,844.5
2026-05-26,AWS,Network,Production,836.36,161.39,674.97
2026-05-27,AWS,Storage,Production,227.58,962.61,-735.03
2026-05-28,Azure,Storage,Development,608.63,920.83,-312.2
2026-05-29,Azure,Network,Production,744.56,752.81,-8.25
2026-05-30,Azure,Storage,Development,1262.49,607.54,654.95
2026-05-31,Azure,Compute,Test,216.66,249.82,-33.16
2026-06-01,Azure,Compute,Development,1367.75,1136.82,230.93
2026-06-02,Azure,Storage,Development,841.07,674.32,166.75
2026-06-03,AWS,Database,Development,845.42,346.62,498.8
2026-06-04,AWS,Storage,Test,149.71,306.77,-157.06
2026-06-05,AWS,Monitoring,Test,182.06,135.94,46.12
2026-06-06,Azure,Storage,Test,1132.14,509.01,623.13
2026-06-07,AWS,Database,Production,1093.71,330.7,763.01
2026-06-08,Azure,Compute,Development,906.08,966.17,-60.09
2026-06-09,AWS,Compute,Test,380.7,943.0,-562.3
2026-06-10,AWS,Storage,Development,1410.23,936.96,473.27
2026-06-11,Azure,Compute,Test,1472.73,1000.29,472.44
2026-06-12,AWS,Monitoring,Production,1484.33,893.26,591.07
2026-06-13,AWS,Compute,Test,527.06,1025.24,-498.18
2026-06-14,AWS,Network,Test,1459.46,723.07,736.39
2026-06-15,AWS,Monitoring,Development,1000.51,169.63,830.88
2026-06-16,AWS,Network,Development,527.36,351.57,175.79
2026-06-17,AWS,Compute,Development,1055.31,1023.13,32.18
2026-06-18,Azure,Monitoring,Test,310.55,869.81,-559.26
2026-06-19,Azure,Storage,Development,1168.81,747.39,421.42
2026-06-20,AWS,Storage,Production,1378.68,219.75,1158.93
2026-06-21,AWS,Database,Test,209.52,1060.79,-851.27
2026-06-22,AWS,Database,Development,1087.67,906.95,180.72
2026-06-23,Azure,Network,Production,1237.12,832.23,404.89
2026-06-24,Azure,Storage,Production,1482.45,985.85,496.6
2026-06-25,AWS,Network,Development,628.68,782.89,-154.21
2026-06-26,AWS,Compute,Production,1475.48,779.98,695.5
2026-06-27,Azure,Compute,Production,932.86,908.04,24.82
2026-06-28,AWS,Compute,Test,569.42,612.87,-43.45
2026-06-29,AWS,Monitoring,Production,1457.14,767.7,689.44
2026-01-01,Azure,Compute,Development,452.67,1014.38,-561.71
2026-01-02,Azure,Compute,Development,1209.46,729.02,480.44
2026-01-03,AWS,Database,Development,954.84,289.71,665.13
2026-01-04,Azure,Network,Development,490.76,621.22,-130.46
2026-01-05,Azure,Monitoring,Development,1226.88,1168.88,58.0
2026-01-06,Azure,Storage,Test,480.53,366.55,113.98
2026-01-07,Azure,Monitoring,Development,1144.94,903.75,241.19
2026-01-08,AWS,Network,Test,1304.88,670.98,633.9
2026-01-09,AWS,Compute,Development,111.42,1162.41,-1050.99
2026-01-10,AWS,Database,Production,274.05,586.89,-312.84
2026-01-11,AWS,Storage,Development,370.96,960.44,-589.48
2026-01-12,Azure,Compute,Production,516.08,1115.05,-598.97
2026-01-13,AWS,Compute,Development,1210.4,870.08,340.32
2026-01-14,Azure,Database,Development,878.76,203.15,675.61
2026-01-15,Azure,Database,Production,1155.95,497.74,658.21
2026-01-16,Azure,Network,Production,116.86,374.52,-257.66
2026-01-17,Azure,Monitoring,Development,1158.93,589.74,569.19
2026-01-18,AWS,Compute,Development,1210.56,875.06,335.5
2026-01-19,Azure,Storage,Test,444.35,129.04,315.31
2026-01-20,Azure,Compute,Production,966.4,1195.45,-229.05
2026-01-21,AWS,Network,Production,1212.22,593.95,618.27
2026-01-22,AWS,Storage,Production,1486.83,150.25,1336.58
2026-01-23,Azure,Storage,Development,667.45,302.27,365.18
2026-01-24,AWS,Compute,Production,1031.76,885.11,146.65
2026-01-25,AWS,Storage,Development,1403.26,216.63,1186.63
2026-01-26,AWS,Database,Test,688.81,1120.6,-431.79
2026-01-27,Azure,Database,Production,1022.3,686.19,336.11
2026-01-28,Azure,Monitoring,Test,498.62,1069.9,-571.28
2026-01-29,AWS,Monitoring,Development,1198.16,199.62,998.54
2026-01-30,AWS,Monitoring,Test,1228.2,139.36,1088.84
2026-01-31,Azure,Compute,Production,967.12,369.78,597.34
2026-02-01,Azure,Storage,Production,852.78,598.04,254.74
2026-02-02,AWS,Monitoring,Production,1463.03,189.07,1273.96
2026-02-03,Azure,Database,Production,1036.45,684.86,351.59
2026-02-04,Azure,Database,Production,472.99,221.29,251.7
2026-02-05,AWS,Database,Test,924.49,1042.38,-117.89
2026-02-06,Azure,Monitoring,Test,482.89,329.63,153.26
2026-02-07,AWS,Network,Test,1083.05,845.31,237.74
2026-02-08,Azure,Database,Development,1144.47,498.84,645.63
2026-02-09,AWS,Network,Development,806.56,162.13,644.43
2026-02-10,Azure,Network,Test,446.06,1105.77,-659.71
2026-02-11,Azure,Network,Test,1488.77,440.06,1048.71
2026-02-12,Azure,Network,Test,569.59,813.07,-243.48
2026-02-13,Azure,Storage,Development,387.79,839.04,-451.25
2026-02-14,AWS,Compute,Production,804.36,969.0,-164.64
2026-02-15,Azure,Monitoring,Development,1126.53,792.59,333.94
2026-02-16,Azure,Monitoring,Development,165.61,311.88,-146.27
2026-02-17,AWS,Compute,Test,173.07,235.73,-62.66
2026-02-18,Azure,Network,Test,822.54,405.66,416.88
2026-02-19,AWS,Compute,Production,1296.07,228.45,1067.62
2026-02-20,Azure,Storage,Production,1141.49,525.79,615.7
2026-02-21,Azure,Monitoring,Test,995.15,123.16,871.99
2026-02-22,AWS,Database,Test,832.45,171.23,661.22
2026-02-23,AWS,Database,Test,1134.27,1045.88,88.39
2026-02-24,Azure,Monitoring,Test,910.46,1123.63,-213.17
2026-02-25,AWS,Compute,Production,1219.79,148.99,1070.8
2026-02-26,AWS,Monitoring,Test,90.55,753.02,-662.47
2026-02-27,Azure,Storage,Production,67.84,723.27,-655.43
2026-02-28,AWS,Storage,Development,568.85,255.44,313.41
2026-03-01,AWS,Network,Production,722.67,1092.49,-369.82
2026-03-02,Azure,Storage,Development,640.54,945.88,-305.34
2026-03-03,AWS,Database,Test,677.81,211.31,466.5
2026-03-04,AWS,Storage,Production,624.66,368.31,256.35
2026-03-05,AWS,Monitoring,Development,1113.03,1001.08,111.95
2026-03-06,AWS,Network,Production,765.18,909.45,-144.27
2026-03-07,AWS,Storage,Production,415.94,739.28,-323.34
2026-03-08,Azure,Database,Development,731.41,315.51,415.9
2026-03-09,AWS,Database,Test,165.94,512.04,-346.1
2026-03-10,AWS,Compute,Development,585.88,258.27,327.61
2026-03-11,AWS,Network,Production,729.17,671.33,57.84
2026-03-12,Azure,Monitoring,Test,435.11,522.37,-87.26
2026-03-13,AWS,Network,Test,837.94,149.91,688.03
2026-03-14,AWS,Network,Test,892.14,170.03,722.11
2026-03-15,Azure,Database,Production,739.25,395.67,343.58
2026-03-16,Azure,Database,Production,1027.91,393.2,634.71
2026-03-17,Azure,Storage,Development,1493.77,347.34,1146.43
2026-03-18,AWS,Database,Test,991.64,990.97,0.67
2026-03-19,Azure,Monitoring,Test,585.14,298.4,286.74
2026-03-20,AWS,Database,Test,329.73,591.19,-261.46
2026-03-21,AWS,Database,Test,885.76,298.83,586.93
2026-03-22,Azure,Database,Test,169.72,367.44,-197.72
2026-03-23,Azure,Storage,Test,220.52,664.84,-444.32
2026-03-24,AWS,Storage,Development,1365.06,1077.94,287.12
2026-03-25,Azure,Monitoring,Development,465.32,1145.81,-680.49
2026-03-26,Azure,Storage,Development,994.08,300.66,693.42
2026-03-27,AWS,Network,Production,1408.05,293.44,1114.61
2026-03-28,Azure,Storage,Development,1260.87,660.0,600.87
2026-03-29,Azure,Database,Production,1000.0,874.08,125.92
2026-03-30,Azure,Storage,Production,669.82,1018.88,-349.06
2026-03-31,AWS,Database,Test,1375.28,201.46,1173.82
2026-04-01,Azure,Database,Test,484.52,921.56,-437.04
2026-04-02,Azure,Monitoring,Production,1245.33,1166.98,78.35
2026-04-03,AWS,Network,Development,988.33,1036.2,-47.87
2026-04-04,Azure,Monitoring,Test,694.97,799.6,-104.63
2026-04-05,AWS,Monitoring,Test,1289.72,1180.38,109.34
2026-04-06,Azure,Monitoring,Production,179.81,975.85,-796.04
2026-04-07,AWS,Network,Production,1025.51,924.09,101.42
2026-04-08,Azure,Database,Development,149.98,766.71,-616.73
2026-04-09,Azure,Database,Test,1206.27,1094.01,112.26
2026-04-10,AWS,Compute,Production,1387.11,146.22,1240.89
2026-04-11,Azure,Monitoring,Production,110.1,1167.7,-1057.6
2026-04-12,AWS,Database,Test,1410.03,718.12,691.91
2026-04-13,AWS,Network,Development,1169.6,240.9,928.7
2026-04-14,AWS,Network,Production,652.28,578.9,73.38
2026-04-15,Azure,Monitoring,Test,161.55,517.02,-355.47
2026-04-16,AWS,Compute,Test,1361.18,458.8,902.38
2026-04-17,Azure,Compute,Production,298.04,383.25,-85.21
2026-04-18,Azure,Monitoring,Development,336.88,267.3,69.58
2026-04-19,Azure,Network,Development,902.4,660.48,241.92
2026-04-20,AWS,Compute,Test,1299.95,214.67,1085.28
2026-04-21,AWS,Network,Production,273.38,538.15,-264.77
2026-04-22,Azure,Monitoring,Test,1277.45,566.02,711.43
2026-04-23,AWS,Compute,Test,961.13,777.0,184.13
2026-04-24,Azure,Storage,Development,1156.3,252.49,903.81
2026-04-25,Azure,Database,Development,1186.03,254.33,931.7
2026-04-26,Azure,Monitoring,Production,214.43,104.52,109.91
2026-04-27,Azure,Monitoring,Development,940.12,907.25,32.87
2026-04-28,Azure,Compute,Production,563.93,1097.93,-534.0
2026-04-29,AWS,Storage,Development,385.18,960.25,-575.07
2026-04-30,Azure,Network,Production,151.34,420.73,-269.39
2026-05-01,AWS,Storage,Production,403.76,1136.23,-732.47
2026-05-02,AWS,Compute,Test,1054.23,279.2,775.03
2026-05-03,AWS,Network,Test,1425.06,951.26,473.8
2026-05-04,AWS,Storage,Test,1431.76,1198.41,233.35
2026-05-05,AWS,Database,Test,841.7,448.17,393.53
2026-05-06,AWS,Network,Test,488.8,1059.87,-571.07
2026-05-07,Azure,Storage,Development,307.25,1052.45,-745.2
2026-05-08,Azure,Database,Development,1223.14,572.78,650.36
2026-05-09,AWS,Compute,Test,1320.04,711.89,608.15
2026-05-10,AWS,Network,Test,126.03,785.09,-659.06
2026-05-11,Azure,Network,Test,597.58,1124.96,-527.38
2026-05-12,AWS,Compute,Test,1115.26,299.3,815.96
2026-05-13,AWS,Network,Test,146.09,1107.28,-961.19
2026-05-14,Azure,Monitoring,Production,485.18,623.37,-138.19
2026-05-15,Azure,Database,Test,625.07,588.66,36.41
2026-05-16,AWS,Monitoring,Production,1254.76,275.62,979.14
2026-05-17,Azure,Network,Production,92.19,759.8,-667.61
2026-05-18,Azure,Database,Production,688.31,300.35,387.96
2026-05-19,AWS,Storage,Production,1061.34,871.85,189.49
2026-05-20,AWS,Database,Test,907.97,1056.19,-148.22
2026-05-21,AWS,Network,Development,1410.86,1092.21,318.65
2026-05-22,Azure,Compute,Test,624.33,398.0,226.33
2026-05-23,AWS,Database,Production,1324.33,417.09,907.24
2026-05-24,Azure,Database,Development,793.51,768.46,25.05
2026-05-25,Azure,Database,Production,1464.62,799.8,664.82
2026-05-26,AWS,Monitoring,Development,131.29,433.96,-302.67
2026-05-27,AWS,Storage,Production,464.97,515.34,-50.37
2026-05-28,Azure,Monitoring,Development,210.81,338.31,-127.5
2026-05-29,AWS,Monitoring,Test,193.27,747.54,-554.27
2026-05-30,Azure,Compute,Test,105.02,131.41,-26.39
2026-05-31,Azure,Monitoring,Production,796.29,537.64,258.65
2026-06-01,Azure,Network,Production,532.9,356.74,176.16
2026-06-02,AWS,Monitoring,Test,418.89,509.99,-91.1
2026-06-03,Azure,Network,Production,734.91,229.31,505.6
2026-06-04,Azure,Compute,Production,1446.32,138.87,1307.45
2026-06-05,AWS,Network,Test,594.35,407.57,186.78
2026-06-06,AWS,Database,Production,986.81,971.99,14.82
2026-06-07,Azure,Network,Production,882.22,460.94,421.28
2026-06-08,AWS,Compute,Test,1284.51,715.69,568.82
2026-06-09,Azure,Storage,Production,278.05,951.21,-673.16
2026-06-10,Azure,Network,Production,289.49,294.01,-4.52
2026-06-11,Azure,Storage,Development,1237.38,726.6,510.78
2026-06-12,AWS,Monitoring,Production,1349.85,414.73,935.12
2026-06-13,AWS,Storage,Test,1353.9,236.79,1117.11
2026-06-14,Azure,Compute,Production,1278.64,475.91,802.73
2026-06-15,AWS,Database,Test,1403.59,467.05,936.54
2026-06-16,AWS,Database,Test,403.66,482.33,-78.67
2026-06-17,Azure,Compute,Test,94.98,600.93,-505.95
2026-06-18,AWS,Network,Production,52.14,277.56,-225.42
2026-06-19,AWS,Monitoring,Production,590.98,1077.55,-486.57
2026-06-20,Azure,Network,Production,892.42,1057.08,-164.66
2026-06-21,AWS,Monitoring,Production,358.04,169.81,188.23
2026-06-22,AWS,Monitoring,Test,579.95,1051.5,-471.55
2026-06-23,Azure,Database,Development,440.77,399.21,41.56
2026-06-24,AWS,Storage,Development,999.82,237.51,762.31
2026-06-25,Azure,Network,Production,919.1,1018.72,-99.62
2026-06-26,Azure,Network,Development,1040.84,332.9,707.94
2026-06-27,Azure,Network,Production,1381.69,615.32,766.37
2026-06-28,Azure,Compute,Test,665.63,1158.27,-492.64
2026-06-29,AWS,Monitoring,Production,1123.83,379.29,744.54
2026-01-01,Azure,Network,Production,511.86,248.88,262.98
2026-01-02,AWS,Storage,Production,424.26,893.31,-469.05
2026-01-03,Azure,Monitoring,Test,1494.81,448.77,1046.04
2026-01-04,Azure,Database,Test,98.46,435.63,-337.17
2026-01-05,AWS,Database,Development,1098.44,343.4,755.04
2026-01-06,Azure,Storage,Production,308.16,470.88,-162.72
2026-01-07,AWS,Network,Development,93.01,462.32,-369.31
2026-01-08,AWS,Database,Development,980.6,580.66,399.94
2026-01-09,Azure,Compute,Development,687.83,398.62,289.21
2026-01-10,Azure,Network,Test,141.66,1037.48,-895.82
2026-01-11,AWS,Database,Test,1250.14,967.77,282.37
2026-01-12,AWS,Database,Development,238.3,813.19,-574.89
2026-01-13,AWS,Compute,Test,212.46,637.14,-424.68
2026-01-14,Azure,Monitoring,Production,238.69,822.06,-583.37
2026-01-15,Azure,Database,Test,1186.38,309.04,877.34
2026-01-16,AWS,Storage,Development,103.58,818.49,-714.91
2026-01-17,Azure,Compute,Development,627.0,197.46,429.54
2026-01-18,Azure,Storage,Development,725.88,155.05,570.83
2026-01-19,AWS,Network,Production,1107.3,164.67,942.63
2026-01-20,Azure,Database,Production,1358.69,232.73,1125.96
2026-01-21,AWS,Storage,Development,530.77,489.53,41.24
2026-01-22,Azure,Network,Production,229.67,366.8,-137.13
2026-01-23,Azure,Storage,Test,949.71,609.45,340.26
2026-01-24,AWS,Network,Development,802.55,688.15,114.4
2026-01-25,Azure,Storage,Test,164.8,357.14,-192.34
2026-01-26,Azure,Database,Production,590.71,615.11,-24.4
2026-01-27,AWS,Compute,Test,555.79,332.83,222.96
2026-01-28,AWS,Storage,Development,682.22,1000.77,-318.55
2026-01-29,AWS,Network,Development,1356.04,547.49,808.55
2026-01-30,AWS,Network,Test,1203.7,792.55,411.15
2026-01-31,Azure,Network,Production,637.27,722.52,-85.25
2026-02-01,AWS,Monitoring,Production,601.9,754.78,-152.88
2026-02-02,AWS,Compute,Test,308.07,874.56,-566.49
2026-02-03,AWS,Network,Development,1030.51,676.52,353.99
2026-02-04,Azure,Network,Development,247.63,552.33,-304.7
2026-02-05,AWS,Database,Production,149.94,906.92,-756.98
2026-02-06,Azure,Storage,Test,761.82,773.33,-11.51
2026-02-07,Azure,Network,Test,1221.95,1115.99,105.96
2026-02-08,Azure,Database,Production,710.96,1104.98,-394.02
2026-02-09,Azure,Compute,Test,870.93,175.86,695.07
2026-02-10,AWS,Monitoring,Development,988.49,1153.02,-164.53
2026-02-11,Azure,Storage,Development,1432.83,755.75,677.08
2026-02-12,Azure,Storage,Production,198.17,281.73,-83.56
2026-02-13,Azure,Database,Production,569.9,841.45,-271.55
2026-02-14,AWS,Compute,Development,953.85,744.83,209.02
2026-02-15,Azure,Network,Development,258.25,352.98,-94.73
2026-02-16,Azure,Database,Development,281.05,835.65,-554.6
2026-02-17,Azure,Compute,Development,62.41,1147.78,-1085.37
2026-02-18,AWS,Network,Production,698.21,888.28,-190.07
2026-02-19,Azure,Network,Development,373.93,433.63,-59.7
2026-02-20,AWS,Network,Production,935.34,1021.89,-86.55
2026-02-21,AWS,Network,Test,995.39,1123.63,-128.24
2026-02-22,Azure,Database,Test,523.49,192.34,331.15
2026-02-23,AWS,Network,Development,572.29,790.26,-217.97
2026-02-24,Azure,Storage,Production,850.3,596.41,253.89
2026-02-25,Azure,Compute,Development,780.2,356.17,424.03
2026-02-26,AWS,Storage,Production,835.04,543.23,291.81
2026-02-27,Azure,Storage,Development,933.27,365.54,567.73
2026-02-28,Azure,Storage,Test,86.3,644.31,-558.01
2026-03-01,AWS,Network,Development,290.7,1098.51,-807.81
2026-03-02,Azure,Compute,Test,822.08,431.74,390.34
2026-03-03,AWS,Network,Test,1432.2,549.87,882.33
2026-03-04,Azure,Database,Test,1405.53,227.46,1178.07
2026-03-05,Azure,Network,Production,1158.22,829.64,328.58
2026-03-06,AWS,Storage,Test,1391.88,380.95,1010.93
2026-03-07,Azure,Compute,Production,902.62,506.82,395.8
2026-03-08,Azure,Database,Production,324.11,912.42,-588.31
2026-03-09,Azure,Monitoring,Production,695.3,348.92,346.38
2026-03-10,AWS,Network,Development,1065.46,380.02,685.44
2026-03-11,Azure,Storage,Development,83.73,557.22,-473.49
2026-03-12,AWS,Database,Production,778.96,266.82,512.14
2026-03-13,AWS,Network,Test,843.21,755.75,87.46
2026-03-14,Azure,Monitoring,Development,521.14,904.58,-383.44
2026-03-15,AWS,Database,Development,769.48,921.98,-152.5
2026-03-16,AWS,Storage,Production,685.11,246.53,438.58
2026-03-17,AWS,Monitoring,Development,1327.93,392.28,935.65
2026-03-18,Azure,Storage,Production,1299.21,907.01,392.2
2026-03-19,Azure,Storage,Test,1462.46,721.97,740.49
2026-03-20,AWS,Storage,Test,278.44,896.36,-617.92
2026-03-21,Azure,Database,Production,605.85,367.01,238.84
2026-03-22,Azure,Network,Production,919.21,831.53,87.68
2026-03-23,Azure,Database,Test,763.54,325.02,438.52
2026-03-24,AWS,Database,Production,1453.71,996.32,457.39
2026-03-25,AWS,Monitoring,Test,301.46,692.64,-391.18
2026-03-26,AWS,Database,Development,916.0,963.34,-47.34
2026-03-27,Azure,Compute,Production,349.32,631.4,-282.08
2026-03-28,Azure,Database,Production,365.04,332.46,32.58
2026-03-29,Azure,Compute,Test,940.42,464.3,476.12
2026-03-30,Azure,Monitoring,Development,887.75,224.42,663.33
2026-03-31,AWS,Storage,Test,332.56,570.15,-237.59
2026-04-01,Azure,Compute,Test,1008.41,360.26,648.15
2026-04-02,AWS,Monitoring,Production,654.21,338.26,315.95
2026-04-03,Azure,Network,Development,1341.56,840.28,501.28
2026-04-04,AWS,Storage,Development,749.0,443.45,305.55
2026-04-05,AWS,Storage,Test,1362.7,629.14,733.56
2026-04-06,Azure,Network,Development,1191.37,789.98,401.39
2026-04-07,AWS,Monitoring,Test,891.75,1183.44,-291.69
2026-04-08,AWS,Network,Test,1316.94,811.84,505.1
2026-04-09,Azure,Compute,Test,1373.71,643.99,729.72
2026-04-10,AWS,Storage,Test,911.24,873.17,38.07
2026-04-11,Azure,Storage,Production,206.53,256.14,-49.61
2026-04-12,AWS,Storage,Production,1200.35,871.82,328.53
2026-04-13,AWS,Compute,Test,861.66,521.35,340.31
2026-04-14,AWS,Network,Production,1446.94,1140.47,306.47
2026-04-15,AWS,Monitoring,Production,889.69,357.74,531.95
2026-04-16,AWS,Compute,Development,656.42,661.83,-5.41
2026-04-17,AWS,Compute,Test,1360.86,315.8,1045.06
2026-04-18,Azure,Database,Production,248.51,602.29,-353.78
2026-04-19,AWS,Network,Development,954.9,863.55,91.35
2026-04-20,AWS,Storage,Development,390.23,183.77,206.46
2026-04-21,Azure,Network,Development,925.58,482.55,443.03
2026-04-22,AWS,Monitoring,Development,482.31,746.81,-264.5
2026-04-23,Azure,Monitoring,Production,386.53,1052.55,-666.02
2026-04-24,Azure,Compute,Production,326.84,623.47,-296.63
2026-04-25,Azure,Network,Development,691.01,246.78,444.23
2026-04-26,AWS,Network,Development,840.16,866.65,-26.49
2026-04-27,AWS,Storage,Test,1238.26,713.17,525.09
2026-04-28,Azure,Database,Development,314.45,503.11,-188.66
2026-04-29,AWS,Database,Test,653.92,369.42,284.5
2026-04-30,Azure,Network,Development,176.52,1145.59,-969.07
2026-05-01,Azure,Monitoring,Development,163.43,748.56,-585.13
2026-05-02,Azure,Database,Test,574.28,334.13,240.15
2026-05-03,Azure,Database,Development,574.49,1042.32,-467.83
2026-05-04,AWS,Monitoring,Development,256.32,1042.78,-786.46
2026-05-05,Azure,Database,Development,716.3,1070.59,-354.29
2026-05-06,Azure,Storage,Test,535.29,842.77,-307.48
2026-05-07,Azure,Database,Test,472.26,946.92,-474.66
2026-05-08,Azure,Monitoring,Development,364.99,853.82,-488.83
2026-05-09,Azure,Database,Development,675.94,789.84,-113.9
2026-05-10,AWS,Monitoring,Development,300.82,819.37,-518.55
2026-05-11,Azure,Compute,Production,379.12,250.22,128.9
2026-05-12,AWS,Compute,Test,70.36,1049.03,-978.67
2026-05-13,AWS,Monitoring,Development,505.05,655.12,-150.07
2026-05-14,AWS,Network,Production,1402.42,329.1,1073.32
2026-05-15,Azure,Compute,Development,1243.87,1053.74,190.13
2026-05-16,Azure,Compute,Test,937.78,465.92,471.86
2026-05-17,AWS,Monitoring,Production,1498.38,805.15,693.23
2026-05-18,AWS,Network,Test,850.17,661.37,188.8
2026-05-19,AWS,Network,Production,458.22,333.95,124.27
2026-05-20,Azure,Compute,Test,828.25,780.72,47.53
2026-05-21,Azure,Monitoring,Production,203.52,753.23,-549.71
2026-05-22,AWS,Compute,Development,412.51,511.48,-98.97
2026-05-23,AWS,Compute,Production,926.4,856.9,69.5
2026-05-24,AWS,Storage,Production,65.32,715.19,-649.87
2026-05-25,AWS,Compute,Test,316.12,740.74,-424.62
2026-05-26,Azure,Monitoring,Production,214.71,401.93,-187.22
2026-05-27,Azure,Compute,Production,349.68,322.7,26.98
2026-05-28,Azure,Storage,Production,1224.8,996.64,228.16
2026-05-29,AWS,Network,Production,888.34,525.17,363.17
2026-05-30,Azure,Monitoring,Production,214.32,532.74,-318.42
2026-05-31,AWS,Network,Test,318.28,117.73,200.55
2026-06-01,AWS,Monitoring,Development,1391.63,245.95,1145.68
2026-06-02,AWS,Database,Development,1130.95,1093.95,37.0
2026-06-03,AWS,Database,Production,1192.39,381.97,810.42
2026-06-04,AWS,Network,Test,965.16,306.43,658.73
2026-06-05,Azure,Storage,Test,89.14,637.13,-547.99
2026-06-06,AWS,Database,Test,581.03,697.7,-116.67
2026-06-07,AWS,Database,Production,1157.03,392.61,764.42
2026-06-08,AWS,Compute,Production,268.63,395.57,-126.94
2026-06-09,Azure,Database,Development,807.96,743.66,64.3
2026-06-10,AWS,Network,Production,640.21,595.94,44.27
2026-06-11,Azure,Storage,Production,944.52,282.83,661.69
2026-06-12,Azure,Network,Production,180.35,1113.73,-933.38
2026-06-13,AWS,Compute,Development,528.64,165.73,362.91
2026-06-14,Azure,Compute,Test,1191.1,516.68,674.42
2026-06-15,AWS,Monitoring,Development,1163.42,495.71,667.71
2026-06-16,AWS,Network,Development,1214.44,298.61,915.83
2026-06-17,Azure,Monitoring,Production,1438.06,1161.31,276.75
2026-06-18,AWS,Compute,Development,688.41,545.94,142.47
2026-06-19,Azure,Compute,Development,1280.33,524.4,755.93
2026-06-20,AWS,Database,Test,655.65,1162.07,-506.42
2026-06-21,Azure,Database,Development,850.31,710.45,139.86
2026-06-22,Azure,Network,Development,932.27,453.74,478.53
2026-06-23,AWS,Monitoring,Production,748.76,466.21,282.55
2026-06-24,AWS,Compute,Production,433.44,122.89,310.55
2026-06-25,AWS,Database,Production,935.02,529.71,405.31
2026-06-26,AWS,Compute,Test,1435.8,652.67,783.13
2026-06-27,AWS,Network,Development,159.25,1134.2,-974.95
2026-06-28,AWS,Monitoring,Test,1344.03,594.8,749.23
2026-06-29,AWS,Compute,Test,215.55,944.05,-728.5
2026-01-01,AWS,Network,Test,1211.25,761.07,450.18
2026-01-02,AWS,Storage,Test,644.53,1014.14,-369.61
2026-01-03,Azure,Database,Test,394.82,169.36,225.46
2026-01-04,Azure,Monitoring,Production,259.96,1090.36,-830.4
2026-01-05,Azure,Storage,Production,494.96,906.75,-411.79
2026-01-06,AWS,Network,Development,497.05,367.22,129.83
2026-01-07,Azure,Network,Test,222.67,250.15,-27.48
2026-01-08,AWS,Monitoring,Development,824.19,1160.39,-336.2
2026-01-09,Azure,Monitoring,Test,334.26,155.94,178.32
2026-01-10,AWS,Database,Test,484.86,217.14,267.72
2026-01-11,Azure,Compute,Development,68.63,309.49,-240.86
2026-01-12,Azure,Compute,Development,1348.93,205.5,1143.43
2026-01-13,Azure,Network,Production,958.78,188.61,770.17
2026-01-14,Azure,Database,Development,1392.89,506.42,886.47
2026-01-15,Azure,Monitoring,Development,1001.93,643.17,358.76
2026-01-16,Azure,Database,Production,672.51,1078.36,-405.85
2026-01-17,Azure,Compute,Test,1467.62,127.36,1340.26
2026-01-18,Azure,Database,Test,138.18,1056.25,-918.07
2026-01-19,Azure,Database,Development,400.41,701.19,-300.78
2026-01-20,Azure,Monitoring,Development,1403.54,464.39,939.15
2026-01-21,Azure,Compute,Production,379.97,996.9,-616.93
2026-01-22,AWS,Monitoring,Development,911.07,856.36,54.71
2026-01-23,AWS,Compute,Production,455.61,388.9,66.71
2026-01-24,AWS,Database,Development,778.77,576.88,201.89
2026-01-25,Azure,Database,Development,1443.86,1002.53,441.33
2026-01-26,Azure,Storage,Test,971.54,494.11,477.43
2026-01-27,Azure,Database,Test,201.92,339.45,-137.53
2026-01-28,Azure,Monitoring,Test,454.18,633.73,-179.55
2026-01-29,Azure,Monitoring,Development,72.33,1078.96,-1006.63
2026-01-30,Azure,Storage,Development,1278.17,633.6,644.57
2026-01-31,Azure,Network,Development,1487.61,817.36,670.25
2026-02-01,AWS,Compute,Test,685.09,264.45,420.64
2026-02-02,Azure,Monitoring,Development,1188.39,170.49,1017.9
2026-02-03,AWS,Compute,Development,689.86,324.03,365.83
2026-02-04,Azure,Compute,Test,991.98,342.21,649.77
2026-02-05,Azure,Compute,Development,1176.39,144.88,1031.51
2026-02-06,Azure,Monitoring,Production,603.53,923.21,-319.68
2026-02-07,AWS,Monitoring,Test,1229.02,526.85,702.17
2026-02-08,Azure,Monitoring,Development,427.02,317.31,109.71
2026-02-09,AWS,Storage,Test,1247.41,1198.26,49.15
2026-02-10,Azure,Database,Test,765.32,756.31,9.01
2026-02-11,Azure,Compute,Development,1289.63,528.73,760.9
2026-02-12,AWS,Network,Production,770.32,755.47,14.85
2026-02-13,AWS,Network,Development,1160.44,534.2,626.24
2026-02-14,Azure,Storage,Test,218.28,348.29,-130.01
2026-02-15,Azure,Monitoring,Test,652.12,655.05,-2.93
2026-02-16,AWS,Monitoring,Test,203.8,1096.96,-893.16
2026-02-17,Azure,Network,Production,129.4,906.33,-776.93
2026-02-18,AWS,Compute,Development,342.3,444.01,-101.71
2026-02-19,Azure,Network,Test,1010.66,359.33,651.33
2026-02-20,Azure,Network,Production,348.19,689.59,-341.4
2026-02-21,Azure,Storage,Test,1461.79,741.76,720.03
2026-02-22,Azure,Monitoring,Test,938.55,675.58,262.97
2026-02-23,Azure,Monitoring,Development,464.12,1139.54,-675.42
2026-02-24,Azure,Compute,Development,338.28,748.25,-409.97
2026-02-25,AWS,Compute,Test,1293.71,219.38,1074.33
2026-02-26,AWS,Compute,Test,657.04,325.57,331.47
2026-02-27,AWS,Monitoring,Development,1030.01,691.7,338.31
2026-02-28,Azure,Network,Test,640.27,145.52,494.75
2026-03-01,Azure,Database,Production,1365.51,868.47,497.04
2026-03-02,AWS,Database,Production,1451.27,721.31,729.96
2026-03-03,AWS,Database,Development,1497.78,117.27,1380.51
2026-03-04,Azure,Monitoring,Production,349.99,1159.76,-809.77
2026-03-05,AWS,Network,Development,583.51,1143.35,-559.84
2026-03-06,Azure,Storage,Development,520.84,421.27,99.57
2026-03-07,Azure,Database,Development,436.84,599.92,-163.08
2026-03-08,AWS,Storage,Production,922.14,776.33,145.81
2026-03-09,Azure,Database,Test,741.79,1017.86,-276.07
2026-03-10,AWS,Storage,Development,505.38,353.58,151.8
2026-03-11,AWS,Network,Test,701.19,358.89,342.3
2026-03-12,AWS,Storage,Production,745.0,199.13,545.87
2026-03-13,Azure,Network,Production,841.75,897.48,-55.73
2026-03-14,Azure,Compute,Development,1281.96,665.17,616.79
2026-03-15,AWS,Compute,Development,298.77,906.72,-607.95
2026-03-16,AWS,Compute,Development,454.32,215.54,238.78
2026-03-17,AWS,Monitoring,Development,1128.47,138.0,990.47
2026-03-18,Azure,Monitoring,Development,270.24,885.95,-615.71
2026-03-19,Azure,Network,Development,1224.63,446.65,777.98
2026-03-20,Azure,Monitoring,Test,1072.91,411.4,661.51
2026-03-21,Azure,Database,Development,771.07,1167.6,-396.53
2026-03-22,Azure,Monitoring,Test,1082.91,227.15,855.76
2026-03-23,AWS,Network,Test,1199.94,382.03,817.91
2026-03-24,AWS,Compute,Development,643.63,420.75,222.88
2026-03-25,Azure,Compute,Test,754.22,205.97,548.25
2026-03-26,AWS,Network,Test,512.0,465.26,46.74
2026-03-27,AWS,Network,Production,490.48,532.53,-42.05
2026-03-28,Azure,Storage,Test,164.53,364.85,-200.32
2026-03-29,AWS,Network,Test,259.14,832.35,-573.21
2026-03-30,Azure,Compute,Production,462.51,947.74,-485.23
2026-03-31,Azure,Compute,Production,1328.88,283.51,1045.37
2026-04-01,Azure,Database,Test,1190.42,162.37,1028.05
2026-04-02,AWS,Network,Test,1056.12,518.29,537.83
2026-04-03,Azure,Network,Development,938.41,1123.45,-185.04
2026-04-04,AWS,Compute,Test,305.6,1038.03,-732.43
2026-04-05,Azure,Compute,Development,1357.22,932.75,424.47
2026-04-06,Azure,Monitoring,Development,389.31,766.19,-376.88
2026-04-07,Azure,Compute,Test,1188.57,868.76,319.81
2026-04-08,Azure,Storage,Test,705.95,1098.04,-392.09
2026-04-09,Azure,Monitoring,Production,843.05,1012.1,-169.05
2026-04-10,AWS,Compute,Test,558.62,181.21,377.41
