job_id,server_id,backup_date,policy,status,duration_minutes,data_size_gb,rpo_hours,restore_tested,failure_reason
BKP-000-SRV-039,SRV-039,2026-01-01,Silver-Daily,Success,79,123,4,Yes,
BKP-000-SRV-047,SRV-047,2026-01-01,Silver-Daily,Success,56,166,24,Yes,
BKP-000-SRV-001,SRV-001,2026-01-01,Gold-4hr,Success,45,302,24,Yes,
BKP-000-SRV-058,SRV-058,2026-01-01,Bronze-Weekly,Success,8,148,24,Yes,
BKP-000-SRV-007,SRV-007,2026-01-01,Gold-4hr,Success,13,412,168,Yes,
BKP-000-SRV-022,SRV-022,2026-01-01,Bronze-Weekly,Success,25,325,168,Yes,
BKP-001-SRV-018,SRV-018,2026-01-02,Gold-4hr,Success,68,506,4,No,
BKP-001-SRV-050,SRV-050,2026-01-02,Gold-4hr,Success,76,500,24,No,
BKP-001-SRV-028,SRV-028,2026-01-02,Bronze-Weekly,Success,57,258,4,No,
BKP-001-SRV-004,SRV-004,2026-01-02,Silver-Daily,Warning,76,227,24,No,
BKP-001-SRV-040,SRV-040,2026-01-02,Gold-4hr,Success,93,559,168,No,
BKP-001-SRV-024,SRV-024,2026-01-02,Bronze-Weekly,Success,87,106,168,No,
BKP-002-SRV-004,SRV-004,2026-01-03,Silver-Daily,Success,90,481,24,No,
BKP-002-SRV-003,SRV-003,2026-01-03,Silver-Daily,Success,94,92,168,No,
BKP-002-SRV-046,SRV-046,2026-01-03,Bronze-Weekly,Success,41,147,4,No,
BKP-002-SRV-045,SRV-045,2026-01-03,Gold-4hr,Success,28,209,4,No,
BKP-002-SRV-054,SRV-054,2026-01-03,Gold-4hr,Success,80,498,24,No,
BKP-002-SRV-027,SRV-027,2026-01-03,Gold-4hr,Success,35,453,168,No,
BKP-003-SRV-050,SRV-050,2026-01-04,Gold-4hr,Success,52,470,24,No,
BKP-003-SRV-042,SRV-042,2026-01-04,Gold-4hr,Success,52,152,24,No,
BKP-003-SRV-049,SRV-049,2026-01-04,Gold-4hr,Success,79,341,24,No,
BKP-003-SRV-012,SRV-012,2026-01-04,Bronze-Weekly,Success,54,35,168,No,
BKP-003-SRV-033,SRV-033,2026-01-04,Bronze-Weekly,Warning,57,283,168,No,
BKP-003-SRV-055,SRV-055,2026-01-04,Gold-4hr,Success,29,420,24,No,
BKP-004-SRV-056,SRV-056,2026-01-05,Gold-4hr,Success,30,361,24,No,
BKP-004-SRV-033,SRV-033,2026-01-05,Bronze-Weekly,Success,90,281,24,No,
BKP-004-SRV-031,SRV-031,2026-01-05,Gold-4hr,Success,38,302,24,No,
BKP-004-SRV-008,SRV-008,2026-01-05,Bronze-Weekly,Success,52,149,168,No,
BKP-004-SRV-015,SRV-015,2026-01-05,Bronze-Weekly,Success,88,530,24,No,
BKP-004-SRV-003,SRV-003,2026-01-05,Silver-Daily,Success,8,303,4,No,
BKP-005-SRV-045,SRV-045,2026-01-06,Gold-4hr,Success,57,227,4,No,
BKP-005-SRV-060,SRV-060,2026-01-06,Gold-4hr,Success,62,352,168,No,
BKP-005-SRV-020,SRV-020,2026-01-06,Bronze-Weekly,Success,16,545,4,No,
BKP-005-SRV-024,SRV-024,2026-01-06,Bronze-Weekly,Success,90,133,4,No,
BKP-005-SRV-003,SRV-003,2026-01-06,Silver-Daily,Success,64,382,168,No,
BKP-005-SRV-022,SRV-022,2026-01-06,Bronze-Weekly,Success,49,587,24,No,
BKP-006-SRV-011,SRV-011,2026-01-07,Gold-4hr,Success,90,165,24,No,
BKP-006-SRV-012,SRV-012,2026-01-07,Bronze-Weekly,Success,93,481,24,No,
BKP-006-SRV-037,SRV-037,2026-01-07,Bronze-Weekly,Success,18,542,4,No,
BKP-006-SRV-034,SRV-034,2026-01-07,Silver-Daily,Success,56,462,168,No,
BKP-006-SRV-007,SRV-007,2026-01-07,Gold-4hr,Success,45,208,24,No,
BKP-006-SRV-043,SRV-043,2026-01-07,Silver-Daily,Success,41,568,168,No,
BKP-007-SRV-001,SRV-001,2026-01-08,Gold-4hr,Success,20,274,4,No,
BKP-007-SRV-056,SRV-056,2026-01-08,Gold-4hr,Success,81,287,24,No,
BKP-007-SRV-038,SRV-038,2026-01-08,Silver-Daily,Success,85,220,168,No,
BKP-007-SRV-034,SRV-034,2026-01-08,Silver-Daily,Success,69,409,168,No,
BKP-007-SRV-022,SRV-022,2026-01-08,Bronze-Weekly,Warning,76,227,168,No,
BKP-007-SRV-039,SRV-039,2026-01-08,Silver-Daily,Success,18,410,168,No,
BKP-008-SRV-048,SRV-048,2026-01-09,Gold-4hr,Success,57,324,168,No,
BKP-008-SRV-006,SRV-006,2026-01-09,Bronze-Weekly,Success,94,67,168,No,
BKP-008-SRV-045,SRV-045,2026-01-09,Gold-4hr,Success,18,434,168,No,
BKP-008-SRV-034,SRV-034,2026-01-09,Silver-Daily,Success,16,467,168,No,
BKP-008-SRV-043,SRV-043,2026-01-09,Silver-Daily,Success,89,38,24,No,
BKP-008-SRV-031,SRV-031,2026-01-09,Gold-4hr,Success,16,147,24,No,
BKP-009-SRV-002,SRV-002,2026-01-10,Silver-Daily,Success,25,554,24,No,
BKP-009-SRV-024,SRV-024,2026-01-10,Bronze-Weekly,Success,87,386,168,No,
BKP-009-SRV-021,SRV-021,2026-01-10,Silver-Daily,Success,64,443,168,No,
BKP-009-SRV-045,SRV-045,2026-01-10,Gold-4hr,Success,80,106,168,No,
BKP-009-SRV-055,SRV-055,2026-01-10,Gold-4hr,Success,74,102,4,No,
BKP-009-SRV-032,SRV-032,2026-01-10,Bronze-Weekly,Success,74,257,24,No,
BKP-010-SRV-056,SRV-056,2026-01-11,Gold-4hr,Success,52,324,4,No,
BKP-010-SRV-014,SRV-014,2026-01-11,Bronze-Weekly,Success,38,277,24,No,
BKP-010-SRV-007,SRV-007,2026-01-11,Gold-4hr,Success,30,216,4,No,
BKP-010-SRV-051,SRV-051,2026-01-11,Silver-Daily,Success,74,67,168,No,
BKP-010-SRV-034,SRV-034,2026-01-11,Silver-Daily,Success,52,336,24,No,
BKP-010-SRV-045,SRV-045,2026-01-11,Gold-4hr,Success,21,402,4,No,
BKP-011-SRV-052,SRV-052,2026-01-12,Bronze-Weekly,Success,44,138,168,No,
BKP-011-SRV-045,SRV-045,2026-01-12,Gold-4hr,Success,33,147,24,No,
BKP-011-SRV-030,SRV-030,2026-01-12,Bronze-Weekly,Success,27,220,4,No,
BKP-011-SRV-018,SRV-018,2026-01-12,Gold-4hr,Success,89,44,4,No,
BKP-011-SRV-050,SRV-050,2026-01-12,Gold-4hr,Success,17,55,24,No,
BKP-011-SRV-014,SRV-014,2026-01-12,Bronze-Weekly,Success,88,506,24,No,
BKP-012-SRV-015,SRV-015,2026-01-13,Bronze-Weekly,Success,61,12,4,No,
BKP-012-SRV-054,SRV-054,2026-01-13,Gold-4hr,Success,56,223,4,No,
BKP-012-SRV-019,SRV-019,2026-01-13,Gold-4hr,Success,58,294,4,No,
BKP-012-SRV-018,SRV-018,2026-01-13,Gold-4hr,Success,89,193,168,No,
BKP-012-SRV-014,SRV-014,2026-01-13,Bronze-Weekly,Success,92,517,4,No,
BKP-012-SRV-056,SRV-056,2026-01-13,Gold-4hr,Success,50,164,4,No,
BKP-013-SRV-024,SRV-024,2026-01-14,Bronze-Weekly,Success,37,369,4,No,
BKP-013-SRV-047,SRV-047,2026-01-14,Silver-Daily,Success,91,212,168,No,
BKP-013-SRV-059,SRV-059,2026-01-14,Gold-4hr,Success,72,384,4,No,
BKP-013-SRV-057,SRV-057,2026-01-14,Silver-Daily,Success,92,329,168,No,
BKP-013-SRV-006,SRV-006,2026-01-14,Bronze-Weekly,Success,57,62,168,No,
BKP-013-SRV-018,SRV-018,2026-01-14,Gold-4hr,Success,26,261,24,No,
BKP-014-SRV-019,SRV-019,2026-01-15,Gold-4hr,Success,48,378,4,No,
BKP-014-SRV-042,SRV-042,2026-01-15,Gold-4hr,Success,59,88,4,No,
BKP-014-SRV-031,SRV-031,2026-01-15,Gold-4hr,Failed,86,27,4,No,Snapshot timeout
BKP-014-SRV-010,SRV-010,2026-01-15,Gold-4hr,Success,75,148,24,No,
BKP-014-SRV-011,SRV-011,2026-01-15,Gold-4hr,Success,89,179,4,No,
BKP-014-SRV-017,SRV-017,2026-01-15,Bronze-Weekly,Success,72,513,4,No,
BKP-015-SRV-049,SRV-049,2026-01-16,Gold-4hr,Success,50,384,24,No,
BKP-015-SRV-024,SRV-024,2026-01-16,Bronze-Weekly,Success,73,389,168,No,
BKP-015-SRV-027,SRV-027,2026-01-16,Gold-4hr,Success,75,167,168,No,
BKP-015-SRV-036,SRV-036,2026-01-16,Gold-4hr,Success,34,587,24,No,
BKP-015-SRV-051,SRV-051,2026-01-16,Silver-Daily,Success,57,583,4,No,
BKP-015-SRV-043,SRV-043,2026-01-16,Silver-Daily,Success,52,378,24,No,
BKP-016-SRV-046,SRV-046,2026-01-17,Bronze-Weekly,Success,8,481,168,No,
BKP-016-SRV-014,SRV-014,2026-01-17,Bronze-Weekly,Warning,24,425,168,No,
BKP-016-SRV-053,SRV-053,2026-01-17,Bronze-Weekly,Success,81,305,4,No,
BKP-016-SRV-056,SRV-056,2026-01-17,Gold-4hr,Success,66,389,4,No,
BKP-016-SRV-054,SRV-054,2026-01-17,Gold-4hr,Success,48,25,24,No,
BKP-016-SRV-013,SRV-013,2026-01-17,Silver-Daily,Success,58,365,24,No,
BKP-017-SRV-034,SRV-034,2026-01-18,Silver-Daily,Success,58,340,168,No,
BKP-017-SRV-039,SRV-039,2026-01-18,Silver-Daily,Success,83,518,168,No,
BKP-017-SRV-049,SRV-049,2026-01-18,Gold-4hr,Success,25,177,4,No,
BKP-017-SRV-040,SRV-040,2026-01-18,Gold-4hr,Success,31,53,24,No,
BKP-017-SRV-041,SRV-041,2026-01-18,Bronze-Weekly,Success,15,418,4,No,
BKP-017-SRV-048,SRV-048,2026-01-18,Gold-4hr,Success,81,117,4,No,
BKP-018-SRV-053,SRV-053,2026-01-19,Bronze-Weekly,Success,39,400,4,No,
BKP-018-SRV-028,SRV-028,2026-01-19,Bronze-Weekly,Success,18,103,24,No,
BKP-018-SRV-055,SRV-055,2026-01-19,Gold-4hr,Failed,26,60,4,No,Agent offline
BKP-018-SRV-037,SRV-037,2026-01-19,Bronze-Weekly,Success,25,157,4,No,
BKP-018-SRV-031,SRV-031,2026-01-19,Gold-4hr,Success,60,133,24,No,
BKP-018-SRV-054,SRV-054,2026-01-19,Gold-4hr,Success,24,304,24,No,
BKP-019-SRV-020,SRV-020,2026-01-20,Bronze-Weekly,Success,44,255,4,No,
BKP-019-SRV-009,SRV-009,2026-01-20,Silver-Daily,Success,24,67,4,No,
BKP-019-SRV-010,SRV-010,2026-01-20,Gold-4hr,Success,32,142,24,No,
BKP-019-SRV-017,SRV-017,2026-01-20,Bronze-Weekly,Success,85,185,168,No,
BKP-019-SRV-048,SRV-048,2026-01-20,Gold-4hr,Success,28,281,168,No,
BKP-019-SRV-039,SRV-039,2026-01-20,Silver-Daily,Success,15,510,168,No,
BKP-020-SRV-007,SRV-007,2026-01-21,Gold-4hr,Success,49,399,4,No,
BKP-020-SRV-046,SRV-046,2026-01-21,Bronze-Weekly,Success,70,430,4,No,
BKP-020-SRV-015,SRV-015,2026-01-21,Bronze-Weekly,Success,74,291,24,No,
BKP-020-SRV-022,SRV-022,2026-01-21,Bronze-Weekly,Success,56,302,4,No,
BKP-020-SRV-058,SRV-058,2026-01-21,Bronze-Weekly,Success,76,475,24,No,
BKP-020-SRV-049,SRV-049,2026-01-21,Gold-4hr,Success,54,230,24,No,
BKP-021-SRV-005,SRV-005,2026-01-22,Gold-4hr,Success,67,50,168,No,
BKP-021-SRV-058,SRV-058,2026-01-22,Bronze-Weekly,Success,39,253,24,No,
BKP-021-SRV-018,SRV-018,2026-01-22,Gold-4hr,Success,70,202,4,No,
BKP-021-SRV-001,SRV-001,2026-01-22,Gold-4hr,Success,50,443,24,No,
BKP-021-SRV-036,SRV-036,2026-01-22,Gold-4hr,Success,28,441,4,No,
BKP-021-SRV-013,SRV-013,2026-01-22,Silver-Daily,Success,33,449,4,No,
BKP-022-SRV-038,SRV-038,2026-01-23,Silver-Daily,Success,81,491,168,No,
BKP-022-SRV-010,SRV-010,2026-01-23,Gold-4hr,Success,66,210,168,No,
BKP-022-SRV-019,SRV-019,2026-01-23,Gold-4hr,Success,31,317,4,No,
BKP-022-SRV-021,SRV-021,2026-01-23,Silver-Daily,Warning,27,75,24,No,
BKP-022-SRV-052,SRV-052,2026-01-23,Bronze-Weekly,Success,84,173,4,No,
BKP-022-SRV-039,SRV-039,2026-01-23,Silver-Daily,Success,28,552,4,No,
BKP-023-SRV-013,SRV-013,2026-01-24,Silver-Daily,Success,49,190,168,No,
BKP-023-SRV-034,SRV-034,2026-01-24,Silver-Daily,Success,51,38,24,No,
BKP-023-SRV-047,SRV-047,2026-01-24,Silver-Daily,Success,95,38,168,No,
BKP-023-SRV-051,SRV-051,2026-01-24,Silver-Daily,Success,45,53,168,No,
BKP-023-SRV-006,SRV-006,2026-01-24,Bronze-Weekly,Success,43,316,4,No,
BKP-023-SRV-060,SRV-060,2026-01-24,Gold-4hr,Success,51,174,4,No,
BKP-024-SRV-038,SRV-038,2026-01-25,Silver-Daily,Success,11,544,168,No,
BKP-024-SRV-010,SRV-010,2026-01-25,Gold-4hr,Success,80,235,168,No,
BKP-024-SRV-017,SRV-017,2026-01-25,Bronze-Weekly,Success,90,366,4,No,
BKP-024-SRV-052,SRV-052,2026-01-25,Bronze-Weekly,Success,28,203,4,No,
BKP-024-SRV-024,SRV-024,2026-01-25,Bronze-Weekly,Success,66,295,4,No,
BKP-024-SRV-025,SRV-025,2026-01-25,Silver-Daily,Success,33,360,168,No,
BKP-025-SRV-053,SRV-053,2026-01-26,Bronze-Weekly,Success,74,467,168,No,
BKP-025-SRV-052,SRV-052,2026-01-26,Bronze-Weekly,Success,82,383,168,No,
BKP-025-SRV-047,SRV-047,2026-01-26,Silver-Daily,Success,86,32,24,No,
BKP-025-SRV-057,SRV-057,2026-01-26,Silver-Daily,Success,12,284,24,No,
BKP-025-SRV-056,SRV-056,2026-01-26,Gold-4hr,Success,54,594,24,No,
BKP-025-SRV-015,SRV-015,2026-01-26,Bronze-Weekly,Success,31,363,24,No,
BKP-026-SRV-009,SRV-009,2026-01-27,Silver-Daily,Success,8,503,4,No,
BKP-026-SRV-015,SRV-015,2026-01-27,Bronze-Weekly,Success,16,580,24,No,
BKP-026-SRV-012,SRV-012,2026-01-27,Bronze-Weekly,Success,46,525,24,No,
BKP-026-SRV-048,SRV-048,2026-01-27,Gold-4hr,Success,66,301,24,No,
BKP-026-SRV-045,SRV-045,2026-01-27,Gold-4hr,Success,52,182,168,No,
BKP-026-SRV-044,SRV-044,2026-01-27,Silver-Daily,Success,42,570,4,No,
BKP-027-SRV-048,SRV-048,2026-01-28,Gold-4hr,Success,89,400,168,No,
BKP-027-SRV-024,SRV-024,2026-01-28,Bronze-Weekly,Success,25,479,168,No,
BKP-027-SRV-042,SRV-042,2026-01-28,Gold-4hr,Success,30,350,4,No,
BKP-027-SRV-025,SRV-025,2026-01-28,Silver-Daily,Success,55,280,168,No,
BKP-027-SRV-056,SRV-056,2026-01-28,Gold-4hr,Success,22,73,24,No,
BKP-027-SRV-059,SRV-059,2026-01-28,Gold-4hr,Success,60,192,168,No,
BKP-028-SRV-020,SRV-020,2026-01-29,Bronze-Weekly,Success,90,529,4,No,
BKP-028-SRV-005,SRV-005,2026-01-29,Gold-4hr,Success,80,281,4,No,
BKP-028-SRV-010,SRV-010,2026-01-29,Gold-4hr,Success,80,421,24,No,
BKP-028-SRV-028,SRV-028,2026-01-29,Bronze-Weekly,Success,39,215,24,No,
BKP-028-SRV-043,SRV-043,2026-01-29,Silver-Daily,Success,29,305,24,No,
BKP-028-SRV-027,SRV-027,2026-01-29,Gold-4hr,Success,27,34,24,No,
BKP-029-SRV-021,SRV-021,2026-01-30,Silver-Daily,Success,60,78,24,No,
BKP-029-SRV-018,SRV-018,2026-01-30,Gold-4hr,Failed,46,70,168,No,Agent offline
BKP-029-SRV-055,SRV-055,2026-01-30,Gold-4hr,Success,34,499,4,No,
BKP-029-SRV-047,SRV-047,2026-01-30,Silver-Daily,Success,42,204,4,No,
BKP-029-SRV-057,SRV-057,2026-01-30,Silver-Daily,Success,16,353,168,No,
BKP-029-SRV-015,SRV-015,2026-01-30,Bronze-Weekly,Success,60,556,4,No,
BKP-030-SRV-042,SRV-042,2026-01-31,Gold-4hr,Success,17,200,4,Yes,
BKP-030-SRV-059,SRV-059,2026-01-31,Gold-4hr,Failed,28,421,24,No,Agent offline
BKP-030-SRV-002,SRV-002,2026-01-31,Silver-Daily,Success,64,572,24,Yes,
BKP-030-SRV-040,SRV-040,2026-01-31,Gold-4hr,Success,64,400,24,Yes,
BKP-030-SRV-048,SRV-048,2026-01-31,Gold-4hr,Success,72,433,168,Yes,
BKP-030-SRV-024,SRV-024,2026-01-31,Bronze-Weekly,Success,37,47,24,Yes,
BKP-031-SRV-043,SRV-043,2026-02-01,Silver-Daily,Success,16,47,4,No,
BKP-031-SRV-048,SRV-048,2026-02-01,Gold-4hr,Success,45,546,4,No,
BKP-031-SRV-002,SRV-002,2026-02-01,Silver-Daily,Success,85,314,4,No,
BKP-031-SRV-030,SRV-030,2026-02-01,Bronze-Weekly,Success,73,503,24,No,
BKP-031-SRV-034,SRV-034,2026-02-01,Silver-Daily,Success,91,30,4,No,
BKP-031-SRV-006,SRV-006,2026-02-01,Bronze-Weekly,Success,82,81,4,No,
BKP-032-SRV-043,SRV-043,2026-02-02,Silver-Daily,Success,17,310,168,No,
BKP-032-SRV-050,SRV-050,2026-02-02,Gold-4hr,Success,11,300,168,No,
BKP-032-SRV-047,SRV-047,2026-02-02,Silver-Daily,Success,10,434,24,No,
BKP-032-SRV-004,SRV-004,2026-02-02,Silver-Daily,Success,41,97,4,No,
BKP-032-SRV-029,SRV-029,2026-02-02,Gold-4hr,Success,66,51,168,No,
BKP-032-SRV-011,SRV-011,2026-02-02,Gold-4hr,Success,95,221,4,No,
BKP-033-SRV-002,SRV-002,2026-02-03,Silver-Daily,Success,54,544,168,No,
BKP-033-SRV-052,SRV-052,2026-02-03,Bronze-Weekly,Success,48,49,24,No,
BKP-033-SRV-023,SRV-023,2026-02-03,Gold-4hr,Success,63,465,24,No,
BKP-033-SRV-024,SRV-024,2026-02-03,Bronze-Weekly,Success,42,128,24,No,
BKP-033-SRV-051,SRV-051,2026-02-03,Silver-Daily,Success,52,83,24,No,
BKP-033-SRV-001,SRV-001,2026-02-03,Gold-4hr,Success,80,369,4,No,
BKP-034-SRV-018,SRV-018,2026-02-04,Gold-4hr,Success,16,360,4,No,
BKP-034-SRV-047,SRV-047,2026-02-04,Silver-Daily,Success,22,117,24,No,
BKP-034-SRV-009,SRV-009,2026-02-04,Silver-Daily,Success,18,454,4,No,
BKP-034-SRV-030,SRV-030,2026-02-04,Bronze-Weekly,Success,68,108,24,No,
BKP-034-SRV-031,SRV-031,2026-02-04,Gold-4hr,Success,55,207,24,No,
BKP-034-SRV-004,SRV-004,2026-02-04,Silver-Daily,Success,58,117,168,No,
BKP-035-SRV-055,SRV-055,2026-02-05,Gold-4hr,Warning,71,201,24,No,
BKP-035-SRV-027,SRV-027,2026-02-05,Gold-4hr,Success,23,46,24,No,
BKP-035-SRV-021,SRV-021,2026-02-05,Silver-Daily,Success,17,201,4,No,
BKP-035-SRV-001,SRV-001,2026-02-05,Gold-4hr,Success,26,339,168,No,
BKP-035-SRV-041,SRV-041,2026-02-05,Bronze-Weekly,Success,90,323,24,No,
BKP-035-SRV-017,SRV-017,2026-02-05,Bronze-Weekly,Success,30,317,4,No,
BKP-036-SRV-036,SRV-036,2026-02-06,Gold-4hr,Success,62,141,24,No,
BKP-036-SRV-034,SRV-034,2026-02-06,Silver-Daily,Success,37,250,24,No,
BKP-036-SRV-028,SRV-028,2026-02-06,Bronze-Weekly,Success,94,25,168,No,
BKP-036-SRV-047,SRV-047,2026-02-06,Silver-Daily,Success,86,598,4,No,
BKP-036-SRV-051,SRV-051,2026-02-06,Silver-Daily,Success,83,110,168,No,
BKP-036-SRV-003,SRV-003,2026-02-06,Silver-Daily,Success,15,36,168,No,
BKP-037-SRV-040,SRV-040,2026-02-07,Gold-4hr,Success,87,472,168,No,
BKP-037-SRV-044,SRV-044,2026-02-07,Silver-Daily,Success,83,148,168,No,
BKP-037-SRV-033,SRV-033,2026-02-07,Bronze-Weekly,Success,90,199,168,No,
BKP-037-SRV-008,SRV-008,2026-02-07,Bronze-Weekly,Success,47,88,24,No,
BKP-037-SRV-011,SRV-011,2026-02-07,Gold-4hr,Success,40,163,24,No,
BKP-037-SRV-054,SRV-054,2026-02-07,Gold-4hr,Success,32,315,168,No,
BKP-038-SRV-022,SRV-022,2026-02-08,Bronze-Weekly,Success,30,500,4,No,
BKP-038-SRV-053,SRV-053,2026-02-08,Bronze-Weekly,Success,63,413,24,No,
BKP-038-SRV-003,SRV-003,2026-02-08,Silver-Daily,Success,78,74,4,No,
BKP-038-SRV-010,SRV-010,2026-02-08,Gold-4hr,Success,16,185,168,No,
BKP-038-SRV-026,SRV-026,2026-02-08,Silver-Daily,Success,25,489,4,No,
BKP-038-SRV-028,SRV-028,2026-02-08,Bronze-Weekly,Success,32,29,168,No,
BKP-039-SRV-028,SRV-028,2026-02-09,Bronze-Weekly,Success,57,476,24,No,
BKP-039-SRV-032,SRV-032,2026-02-09,Bronze-Weekly,Success,9,515,4,No,
BKP-039-SRV-031,SRV-031,2026-02-09,Gold-4hr,Success,25,267,4,No,
BKP-039-SRV-059,SRV-059,2026-02-09,Gold-4hr,Success,36,377,4,No,
BKP-039-SRV-040,SRV-040,2026-02-09,Gold-4hr,Success,36,205,168,No,
BKP-039-SRV-034,SRV-034,2026-02-09,Silver-Daily,Success,53,475,168,No,
BKP-040-SRV-012,SRV-012,2026-02-10,Bronze-Weekly,Success,57,95,168,No,
BKP-040-SRV-004,SRV-004,2026-02-10,Silver-Daily,Success,28,26,4,No,
BKP-040-SRV-036,SRV-036,2026-02-10,Gold-4hr,Success,27,343,168,No,
BKP-040-SRV-060,SRV-060,2026-02-10,Gold-4hr,Success,25,400,168,No,
BKP-040-SRV-043,SRV-043,2026-02-10,Silver-Daily,Success,59,69,168,No,
BKP-040-SRV-016,SRV-016,2026-02-10,Bronze-Weekly,Success,61,443,4,No,
BKP-041-SRV-006,SRV-006,2026-02-11,Bronze-Weekly,Success,87,37,168,No,
BKP-041-SRV-055,SRV-055,2026-02-11,Gold-4hr,Success,92,498,24,No,
BKP-041-SRV-002,SRV-002,2026-02-11,Silver-Daily,Success,35,431,4,No,
BKP-041-SRV-036,SRV-036,2026-02-11,Gold-4hr,Success,61,244,4,No,
BKP-041-SRV-018,SRV-018,2026-02-11,Gold-4hr,Success,82,364,4,No,
BKP-041-SRV-001,SRV-001,2026-02-11,Gold-4hr,Success,59,515,24,No,
BKP-042-SRV-001,SRV-001,2026-02-12,Gold-4hr,Success,11,47,24,No,
BKP-042-SRV-051,SRV-051,2026-02-12,Silver-Daily,Success,14,64,168,No,
BKP-042-SRV-046,SRV-046,2026-02-12,Bronze-Weekly,Success,61,201,24,No,
BKP-042-SRV-022,SRV-022,2026-02-12,Bronze-Weekly,Success,83,527,4,No,
BKP-042-SRV-023,SRV-023,2026-02-12,Gold-4hr,Success,55,451,24,No,
BKP-042-SRV-002,SRV-002,2026-02-12,Silver-Daily,Success,17,597,168,No,
BKP-043-SRV-019,SRV-019,2026-02-13,Gold-4hr,Success,16,411,4,No,
BKP-043-SRV-050,SRV-050,2026-02-13,Gold-4hr,Success,31,53,24,No,
BKP-043-SRV-005,SRV-005,2026-02-13,Gold-4hr,Success,82,130,168,No,
BKP-043-SRV-055,SRV-055,2026-02-13,Gold-4hr,Success,47,559,4,No,
BKP-043-SRV-009,SRV-009,2026-02-13,Silver-Daily,Success,74,279,168,No,
BKP-043-SRV-017,SRV-017,2026-02-13,Bronze-Weekly,Success,25,105,24,No,
BKP-044-SRV-029,SRV-029,2026-02-14,Gold-4hr,Warning,69,455,24,No,
BKP-044-SRV-018,SRV-018,2026-02-14,Gold-4hr,Success,10,51,24,No,
BKP-044-SRV-037,SRV-037,2026-02-14,Bronze-Weekly,Success,71,357,168,No,
BKP-044-SRV-054,SRV-054,2026-02-14,Gold-4hr,Success,21,350,24,No,
BKP-044-SRV-045,SRV-045,2026-02-14,Gold-4hr,Success,93,145,4,No,
BKP-044-SRV-006,SRV-006,2026-02-14,Bronze-Weekly,Success,14,561,4,No,
BKP-045-SRV-053,SRV-053,2026-02-15,Bronze-Weekly,Success,62,517,24,No,
BKP-045-SRV-036,SRV-036,2026-02-15,Gold-4hr,Success,64,378,24,No,
BKP-045-SRV-026,SRV-026,2026-02-15,Silver-Daily,Success,55,218,24,No,
BKP-045-SRV-003,SRV-003,2026-02-15,Silver-Daily,Warning,48,264,24,No,
BKP-045-SRV-013,SRV-013,2026-02-15,Silver-Daily,Success,71,301,4,No,
BKP-045-SRV-038,SRV-038,2026-02-15,Silver-Daily,Success,25,518,4,No,
BKP-046-SRV-034,SRV-034,2026-02-16,Silver-Daily,Success,11,222,24,No,
BKP-046-SRV-007,SRV-007,2026-02-16,Gold-4hr,Success,8,128,4,No,
BKP-046-SRV-011,SRV-011,2026-02-16,Gold-4hr,Success,26,15,168,No,
BKP-046-SRV-004,SRV-004,2026-02-16,Silver-Daily,Success,38,273,4,No,
BKP-046-SRV-030,SRV-030,2026-02-16,Bronze-Weekly,Success,59,19,168,No,
BKP-046-SRV-035,SRV-035,2026-02-16,Gold-4hr,Success,11,600,24,No,
BKP-047-SRV-023,SRV-023,2026-02-17,Gold-4hr,Success,22,420,24,No,
BKP-047-SRV-032,SRV-032,2026-02-17,Bronze-Weekly,Success,10,520,24,No,
BKP-047-SRV-046,SRV-046,2026-02-17,Bronze-Weekly,Success,42,59,24,No,
BKP-047-SRV-034,SRV-034,2026-02-17,Silver-Daily,Success,83,305,168,No,
BKP-047-SRV-035,SRV-035,2026-02-17,Gold-4hr,Success,59,86,24,No,
BKP-047-SRV-052,SRV-052,2026-02-17,Bronze-Weekly,Warning,26,138,168,No,
BKP-048-SRV-011,SRV-011,2026-02-18,Gold-4hr,Success,10,358,24,No,
BKP-048-SRV-030,SRV-030,2026-02-18,Bronze-Weekly,Success,12,183,168,No,
BKP-048-SRV-045,SRV-045,2026-02-18,Gold-4hr,Success,31,545,168,No,
BKP-048-SRV-054,SRV-054,2026-02-18,Gold-4hr,Success,60,374,168,No,
BKP-048-SRV-029,SRV-029,2026-02-18,Gold-4hr,Success,26,103,168,No,
BKP-048-SRV-009,SRV-009,2026-02-18,Silver-Daily,Success,48,402,168,No,
BKP-049-SRV-033,SRV-033,2026-02-19,Bronze-Weekly,Success,35,206,168,No,
BKP-049-SRV-052,SRV-052,2026-02-19,Bronze-Weekly,Success,43,370,4,No,
BKP-049-SRV-026,SRV-026,2026-02-19,Silver-Daily,Success,16,555,4,No,
BKP-049-SRV-017,SRV-017,2026-02-19,Bronze-Weekly,Success,77,311,168,No,
BKP-049-SRV-056,SRV-056,2026-02-19,Gold-4hr,Success,18,321,24,No,
BKP-049-SRV-040,SRV-040,2026-02-19,Gold-4hr,Success,36,461,4,No,
BKP-050-SRV-025,SRV-025,2026-02-20,Silver-Daily,Warning,15,534,24,No,
BKP-050-SRV-050,SRV-050,2026-02-20,Gold-4hr,Success,36,489,168,No,
BKP-050-SRV-042,SRV-042,2026-02-20,Gold-4hr,Success,58,231,4,No,
BKP-050-SRV-058,SRV-058,2026-02-20,Bronze-Weekly,Success,35,271,4,No,
BKP-050-SRV-003,SRV-003,2026-02-20,Silver-Daily,Success,10,23,4,No,
BKP-050-SRV-040,SRV-040,2026-02-20,Gold-4hr,Success,83,179,168,No,
BKP-051-SRV-032,SRV-032,2026-02-21,Bronze-Weekly,Success,59,90,24,No,
BKP-051-SRV-035,SRV-035,2026-02-21,Gold-4hr,Success,28,124,24,No,
BKP-051-SRV-051,SRV-051,2026-02-21,Silver-Daily,Success,8,545,168,No,
BKP-051-SRV-022,SRV-022,2026-02-21,Bronze-Weekly,Success,19,30,24,No,
BKP-051-SRV-011,SRV-011,2026-02-21,Gold-4hr,Warning,62,334,168,No,
BKP-051-SRV-055,SRV-055,2026-02-21,Gold-4hr,Success,65,524,168,No,
BKP-052-SRV-011,SRV-011,2026-02-22,Gold-4hr,Success,54,575,4,No,
BKP-052-SRV-046,SRV-046,2026-02-22,Bronze-Weekly,Success,35,580,24,No,
BKP-052-SRV-020,SRV-020,2026-02-22,Bronze-Weekly,Success,89,52,168,No,
BKP-052-SRV-009,SRV-009,2026-02-22,Silver-Daily,Success,45,354,4,No,
BKP-052-SRV-048,SRV-048,2026-02-22,Gold-4hr,Success,81,573,24,No,
BKP-052-SRV-024,SRV-024,2026-02-22,Bronze-Weekly,Success,33,269,24,No,
BKP-053-SRV-025,SRV-025,2026-02-23,Silver-Daily,Failed,45,553,24,No,Repository unavailable
BKP-053-SRV-039,SRV-039,2026-02-23,Silver-Daily,Success,59,348,4,No,
BKP-053-SRV-049,SRV-049,2026-02-23,Gold-4hr,Success,79,238,4,No,
BKP-053-SRV-002,SRV-002,2026-02-23,Silver-Daily,Success,33,32,24,No,
BKP-053-SRV-034,SRV-034,2026-02-23,Silver-Daily,Success,84,116,168,No,
BKP-053-SRV-008,SRV-008,2026-02-23,Bronze-Weekly,Success,45,549,168,No,
BKP-054-SRV-032,SRV-032,2026-02-24,Bronze-Weekly,Success,89,241,4,No,
BKP-054-SRV-034,SRV-034,2026-02-24,Silver-Daily,Success,43,336,4,No,
BKP-054-SRV-028,SRV-028,2026-02-24,Bronze-Weekly,Success,75,162,168,No,
BKP-054-SRV-002,SRV-002,2026-02-24,Silver-Daily,Failed,40,365,24,No,Repository unavailable
BKP-054-SRV-005,SRV-005,2026-02-24,Gold-4hr,Success,33,518,168,No,
BKP-054-SRV-023,SRV-023,2026-02-24,Gold-4hr,Success,46,513,168,No,
BKP-055-SRV-020,SRV-020,2026-02-25,Bronze-Weekly,Success,47,237,168,No,
BKP-055-SRV-010,SRV-010,2026-02-25,Gold-4hr,Success,13,214,168,No,
BKP-055-SRV-057,SRV-057,2026-02-25,Silver-Daily,Success,94,70,168,No,
BKP-055-SRV-023,SRV-023,2026-02-25,Gold-4hr,Success,15,463,168,No,
BKP-055-SRV-002,SRV-002,2026-02-25,Silver-Daily,Success,65,350,24,No,
BKP-055-SRV-030,SRV-030,2026-02-25,Bronze-Weekly,Success,49,204,168,No,
BKP-056-SRV-021,SRV-021,2026-02-26,Silver-Daily,Success,57,71,168,No,
BKP-056-SRV-031,SRV-031,2026-02-26,Gold-4hr,Success,65,223,4,No,
BKP-056-SRV-051,SRV-051,2026-02-26,Silver-Daily,Failed,16,285,4,No,Snapshot timeout
BKP-056-SRV-055,SRV-055,2026-02-26,Gold-4hr,Success,18,374,4,No,
BKP-056-SRV-041,SRV-041,2026-02-26,Bronze-Weekly,Success,36,163,168,No,
BKP-056-SRV-056,SRV-056,2026-02-26,Gold-4hr,Success,61,75,168,No,
BKP-057-SRV-018,SRV-018,2026-02-27,Gold-4hr,Success,41,257,24,No,
BKP-057-SRV-033,SRV-033,2026-02-27,Bronze-Weekly,Success,51,86,24,No,
BKP-057-SRV-057,SRV-057,2026-02-27,Silver-Daily,Success,65,380,168,No,
BKP-057-SRV-050,SRV-050,2026-02-27,Gold-4hr,Success,33,71,24,No,
BKP-057-SRV-051,SRV-051,2026-02-27,Silver-Daily,Success,58,40,4,No,
BKP-057-SRV-056,SRV-056,2026-02-27,Gold-4hr,Success,40,98,168,No,
BKP-058-SRV-025,SRV-025,2026-02-28,Silver-Daily,Success,83,168,24,No,
BKP-058-SRV-020,SRV-020,2026-02-28,Bronze-Weekly,Success,73,217,168,No,
BKP-058-SRV-002,SRV-002,2026-02-28,Silver-Daily,Success,84,446,4,No,
BKP-058-SRV-047,SRV-047,2026-02-28,Silver-Daily,Success,39,580,24,No,
BKP-058-SRV-004,SRV-004,2026-02-28,Silver-Daily,Success,56,346,24,No,
BKP-058-SRV-056,SRV-056,2026-02-28,Gold-4hr,Success,36,314,24,No,
BKP-059-SRV-049,SRV-049,2026-03-01,Gold-4hr,Success,92,16,4,No,
BKP-059-SRV-008,SRV-008,2026-03-01,Bronze-Weekly,Success,28,438,24,No,
BKP-059-SRV-019,SRV-019,2026-03-01,Gold-4hr,Success,90,451,24,No,
BKP-059-SRV-023,SRV-023,2026-03-01,Gold-4hr,Success,36,395,24,No,
BKP-059-SRV-059,SRV-059,2026-03-01,Gold-4hr,Success,30,475,24,No,
BKP-059-SRV-013,SRV-013,2026-03-01,Silver-Daily,Success,51,274,4,No,
BKP-060-SRV-015,SRV-015,2026-03-02,Bronze-Weekly,Success,81,262,168,Yes,
BKP-060-SRV-050,SRV-050,2026-03-02,Gold-4hr,Success,87,376,24,Yes,
BKP-060-SRV-020,SRV-020,2026-03-02,Bronze-Weekly,Success,92,315,168,Yes,
BKP-060-SRV-038,SRV-038,2026-03-02,Silver-Daily,Success,31,60,168,Yes,
BKP-060-SRV-041,SRV-041,2026-03-02,Bronze-Weekly,Success,12,349,24,Yes,
BKP-060-SRV-033,SRV-033,2026-03-02,Bronze-Weekly,Success,71,417,24,Yes,
BKP-061-SRV-033,SRV-033,2026-03-03,Bronze-Weekly,Success,9,79,168,No,
BKP-061-SRV-057,SRV-057,2026-03-03,Silver-Daily,Success,67,404,168,No,
BKP-061-SRV-046,SRV-046,2026-03-03,Bronze-Weekly,Success,29,466,4,No,
BKP-061-SRV-045,SRV-045,2026-03-03,Gold-4hr,Success,38,533,168,No,
BKP-061-SRV-013,SRV-013,2026-03-03,Silver-Daily,Success,26,541,24,No,
BKP-061-SRV-040,SRV-040,2026-03-03,Gold-4hr,Success,53,540,4,No,
BKP-062-SRV-018,SRV-018,2026-03-04,Gold-4hr,Success,82,487,168,No,
BKP-062-SRV-042,SRV-042,2026-03-04,Gold-4hr,Success,48,328,24,No,
BKP-062-SRV-059,SRV-059,2026-03-04,Gold-4hr,Success,30,297,4,No,
BKP-062-SRV-050,SRV-050,2026-03-04,Gold-4hr,Success,41,558,4,No,
BKP-062-SRV-060,SRV-060,2026-03-04,Gold-4hr,Success,62,537,168,No,
BKP-062-SRV-015,SRV-015,2026-03-04,Bronze-Weekly,Success,88,581,168,No,
BKP-063-SRV-040,SRV-040,2026-03-05,Gold-4hr,Success,40,188,24,No,
BKP-063-SRV-003,SRV-003,2026-03-05,Silver-Daily,Success,64,486,4,No,
BKP-063-SRV-035,SRV-035,2026-03-05,Gold-4hr,Success,65,573,24,No,
BKP-063-SRV-046,SRV-046,2026-03-05,Bronze-Weekly,Success,76,97,24,No,
BKP-063-SRV-029,SRV-029,2026-03-05,Gold-4hr,Success,23,423,4,No,
BKP-063-SRV-026,SRV-026,2026-03-05,Silver-Daily,Success,70,226,24,No,
BKP-064-SRV-060,SRV-060,2026-03-06,Gold-4hr,Success,71,212,4,No,
BKP-064-SRV-031,SRV-031,2026-03-06,Gold-4hr,Success,89,230,4,No,
BKP-064-SRV-055,SRV-055,2026-03-06,Gold-4hr,Success,23,417,24,No,
BKP-064-SRV-006,SRV-006,2026-03-06,Bronze-Weekly,Success,23,444,4,No,
BKP-064-SRV-016,SRV-016,2026-03-06,Bronze-Weekly,Success,94,416,168,No,
BKP-064-SRV-048,SRV-048,2026-03-06,Gold-4hr,Success,74,451,24,No,
BKP-065-SRV-057,SRV-057,2026-03-07,Silver-Daily,Success,47,485,168,No,
BKP-065-SRV-026,SRV-026,2026-03-07,Silver-Daily,Warning,88,195,4,No,
BKP-065-SRV-012,SRV-012,2026-03-07,Bronze-Weekly,Success,59,575,24,No,
BKP-065-SRV-048,SRV-048,2026-03-07,Gold-4hr,Success,95,476,4,No,
BKP-065-SRV-005,SRV-005,2026-03-07,Gold-4hr,Success,64,104,168,No,
BKP-065-SRV-033,SRV-033,2026-03-07,Bronze-Weekly,Success,93,594,24,No,
BKP-066-SRV-030,SRV-030,2026-03-08,Bronze-Weekly,Success,30,206,24,No,
BKP-066-SRV-040,SRV-040,2026-03-08,Gold-4hr,Failed,84,524,4,No,Repository unavailable
BKP-066-SRV-010,SRV-010,2026-03-08,Gold-4hr,Success,32,309,4,No,
BKP-066-SRV-022,SRV-022,2026-03-08,Bronze-Weekly,Success,64,254,24,No,
BKP-066-SRV-060,SRV-060,2026-03-08,Gold-4hr,Success,24,302,24,No,
BKP-066-SRV-035,SRV-035,2026-03-08,Gold-4hr,Success,20,77,24,No,
BKP-067-SRV-057,SRV-057,2026-03-09,Silver-Daily,Warning,79,125,168,No,
BKP-067-SRV-021,SRV-021,2026-03-09,Silver-Daily,Success,64,104,168,No,
BKP-067-SRV-034,SRV-034,2026-03-09,Silver-Daily,Warning,65,36,24,No,
BKP-067-SRV-012,SRV-012,2026-03-09,Bronze-Weekly,Success,91,447,168,No,
BKP-067-SRV-055,SRV-055,2026-03-09,Gold-4hr,Success,22,224,4,No,
BKP-067-SRV-060,SRV-060,2026-03-09,Gold-4hr,Success,58,314,24,No,
BKP-068-SRV-016,SRV-016,2026-03-10,Bronze-Weekly,Success,49,18,4,No,
BKP-068-SRV-036,SRV-036,2026-03-10,Gold-4hr,Warning,39,258,168,No,
BKP-068-SRV-013,SRV-013,2026-03-10,Silver-Daily,Success,30,100,4,No,
BKP-068-SRV-058,SRV-058,2026-03-10,Bronze-Weekly,Success,51,317,168,No,
BKP-068-SRV-026,SRV-026,2026-03-10,Silver-Daily,Success,49,80,24,No,
BKP-068-SRV-019,SRV-019,2026-03-10,Gold-4hr,Success,93,376,168,No,
BKP-069-SRV-049,SRV-049,2026-03-11,Gold-4hr,Success,69,11,24,No,
BKP-069-SRV-055,SRV-055,2026-03-11,Gold-4hr,Success,92,138,24,No,
BKP-069-SRV-060,SRV-060,2026-03-11,Gold-4hr,Success,31,52,4,No,
BKP-069-SRV-029,SRV-029,2026-03-11,Gold-4hr,Success,35,347,24,No,
BKP-069-SRV-031,SRV-031,2026-03-11,Gold-4hr,Success,32,415,24,No,
BKP-069-SRV-003,SRV-003,2026-03-11,Silver-Daily,Success,73,245,24,No,
BKP-070-SRV-033,SRV-033,2026-03-12,Bronze-Weekly,Success,93,329,168,No,
BKP-070-SRV-028,SRV-028,2026-03-12,Bronze-Weekly,Success,82,529,4,No,
BKP-070-SRV-016,SRV-016,2026-03-12,Bronze-Weekly,Success,59,208,4,No,
BKP-070-SRV-027,SRV-027,2026-03-12,Gold-4hr,Success,65,207,168,No,
BKP-070-SRV-041,SRV-041,2026-03-12,Bronze-Weekly,Success,11,396,168,No,
BKP-070-SRV-055,SRV-055,2026-03-12,Gold-4hr,Success,43,153,168,No,
BKP-071-SRV-019,SRV-019,2026-03-13,Gold-4hr,Success,19,189,24,No,
BKP-071-SRV-010,SRV-010,2026-03-13,Gold-4hr,Success,35,359,4,No,
BKP-071-SRV-040,SRV-040,2026-03-13,Gold-4hr,Success,92,504,168,No,
BKP-071-SRV-058,SRV-058,2026-03-13,Bronze-Weekly,Success,15,599,168,No,
BKP-071-SRV-056,SRV-056,2026-03-13,Gold-4hr,Success,72,501,4,No,
BKP-071-SRV-009,SRV-009,2026-03-13,Silver-Daily,Success,20,151,4,No,
BKP-072-SRV-014,SRV-014,2026-03-14,Bronze-Weekly,Success,83,51,4,No,
BKP-072-SRV-033,SRV-033,2026-03-14,Bronze-Weekly,Success,8,386,168,No,
BKP-072-SRV-010,SRV-010,2026-03-14,Gold-4hr,Success,46,511,24,No,
BKP-072-SRV-047,SRV-047,2026-03-14,Silver-Daily,Success,79,72,168,No,
BKP-072-SRV-038,SRV-038,2026-03-14,Silver-Daily,Success,57,535,4,No,
BKP-072-SRV-040,SRV-040,2026-03-14,Gold-4hr,Warning,12,327,168,No,
BKP-073-SRV-055,SRV-055,2026-03-15,Gold-4hr,Failed,42,440,168,No,Repository unavailable
BKP-073-SRV-002,SRV-002,2026-03-15,Silver-Daily,Success,33,131,24,No,
BKP-073-SRV-001,SRV-001,2026-03-15,Gold-4hr,Success,38,436,4,No,
BKP-073-SRV-056,SRV-056,2026-03-15,Gold-4hr,Success,71,278,4,No,
BKP-073-SRV-021,SRV-021,2026-03-15,Silver-Daily,Success,21,132,24,No,
BKP-073-SRV-044,SRV-044,2026-03-15,Silver-Daily,Success,50,143,168,No,
BKP-074-SRV-006,SRV-006,2026-03-16,Bronze-Weekly,Warning,84,398,168,No,
BKP-074-SRV-049,SRV-049,2026-03-16,Gold-4hr,Success,14,78,4,No,
BKP-074-SRV-044,SRV-044,2026-03-16,Silver-Daily,Success,16,511,168,No,
BKP-074-SRV-031,SRV-031,2026-03-16,Gold-4hr,Success,80,141,4,No,
BKP-074-SRV-039,SRV-039,2026-03-16,Silver-Daily,Success,55,597,24,No,
BKP-074-SRV-048,SRV-048,2026-03-16,Gold-4hr,Success,34,417,4,No,
BKP-075-SRV-058,SRV-058,2026-03-17,Bronze-Weekly,Success,9,119,4,No,
BKP-075-SRV-037,SRV-037,2026-03-17,Bronze-Weekly,Success,92,231,168,No,
BKP-075-SRV-002,SRV-002,2026-03-17,Silver-Daily,Success,87,404,24,No,
BKP-075-SRV-057,SRV-057,2026-03-17,Silver-Daily,Success,46,382,168,No,
BKP-075-SRV-005,SRV-005,2026-03-17,Gold-4hr,Success,33,283,168,No,
BKP-075-SRV-027,SRV-027,2026-03-17,Gold-4hr,Success,24,70,4,No,
BKP-076-SRV-055,SRV-055,2026-03-18,Gold-4hr,Success,33,39,24,No,
BKP-076-SRV-038,SRV-038,2026-03-18,Silver-Daily,Success,52,452,168,No,
BKP-076-SRV-027,SRV-027,2026-03-18,Gold-4hr,Success,47,584,168,No,
BKP-076-SRV-003,SRV-003,2026-03-18,Silver-Daily,Success,79,562,4,No,
BKP-076-SRV-008,SRV-008,2026-03-18,Bronze-Weekly,Success,46,517,4,No,
BKP-076-SRV-024,SRV-024,2026-03-18,Bronze-Weekly,Success,43,574,168,No,
BKP-077-SRV-022,SRV-022,2026-03-19,Bronze-Weekly,Success,34,176,168,No,
BKP-077-SRV-021,SRV-021,2026-03-19,Silver-Daily,Success,50,471,168,No,
BKP-077-SRV-023,SRV-023,2026-03-19,Gold-4hr,Warning,45,112,4,No,
BKP-077-SRV-007,SRV-007,2026-03-19,Gold-4hr,Success,80,219,24,No,
BKP-077-SRV-044,SRV-044,2026-03-19,Silver-Daily,Success,20,11,4,No,
BKP-077-SRV-026,SRV-026,2026-03-19,Silver-Daily,Success,82,85,168,No,
BKP-078-SRV-026,SRV-026,2026-03-20,Silver-Daily,Success,87,378,4,No,
BKP-078-SRV-053,SRV-053,2026-03-20,Bronze-Weekly,Success,72,350,168,No,
BKP-078-SRV-050,SRV-050,2026-03-20,Gold-4hr,Success,56,553,168,No,
BKP-078-SRV-060,SRV-060,2026-03-20,Gold-4hr,Success,32,276,4,No,
BKP-078-SRV-032,SRV-032,2026-03-20,Bronze-Weekly,Success,12,537,168,No,
BKP-078-SRV-029,SRV-029,2026-03-20,Gold-4hr,Success,83,156,24,No,
BKP-079-SRV-050,SRV-050,2026-03-21,Gold-4hr,Success,73,214,168,No,
BKP-079-SRV-059,SRV-059,2026-03-21,Gold-4hr,Success,77,56,4,No,
BKP-079-SRV-051,SRV-051,2026-03-21,Silver-Daily,Success,35,473,24,No,
BKP-079-SRV-035,SRV-035,2026-03-21,Gold-4hr,Success,18,167,4,No,
BKP-079-SRV-054,SRV-054,2026-03-21,Gold-4hr,Success,78,578,24,No,
BKP-079-SRV-041,SRV-041,2026-03-21,Bronze-Weekly,Success,47,541,24,No,
BKP-080-SRV-014,SRV-014,2026-03-22,Bronze-Weekly,Success,78,89,4,No,
BKP-080-SRV-045,SRV-045,2026-03-22,Gold-4hr,Success,10,367,168,No,
BKP-080-SRV-004,SRV-004,2026-03-22,Silver-Daily,Success,43,24,24,No,
BKP-080-SRV-030,SRV-030,2026-03-22,Bronze-Weekly,Success,17,576,4,No,
BKP-080-SRV-017,SRV-017,2026-03-22,Bronze-Weekly,Success,57,86,24,No,
BKP-080-SRV-034,SRV-034,2026-03-22,Silver-Daily,Success,8,48,24,No,
BKP-081-SRV-033,SRV-033,2026-03-23,Bronze-Weekly,Success,25,206,168,No,
BKP-081-SRV-053,SRV-053,2026-03-23,Bronze-Weekly,Success,21,18,168,No,
BKP-081-SRV-023,SRV-023,2026-03-23,Gold-4hr,Success,94,343,4,No,
BKP-081-SRV-020,SRV-020,2026-03-23,Bronze-Weekly,Success,39,595,24,No,
BKP-081-SRV-047,SRV-047,2026-03-23,Silver-Daily,Success,54,451,4,No,
BKP-081-SRV-043,SRV-043,2026-03-23,Silver-Daily,Success,20,169,168,No,
BKP-082-SRV-046,SRV-046,2026-03-24,Bronze-Weekly,Success,15,74,4,No,
BKP-082-SRV-049,SRV-049,2026-03-24,Gold-4hr,Success,92,142,4,No,
BKP-082-SRV-045,SRV-045,2026-03-24,Gold-4hr,Success,83,271,4,No,
BKP-082-SRV-050,SRV-050,2026-03-24,Gold-4hr,Success,63,122,4,No,
BKP-082-SRV-047,SRV-047,2026-03-24,Silver-Daily,Success,47,537,4,No,
BKP-082-SRV-037,SRV-037,2026-03-24,Bronze-Weekly,Success,12,425,168,No,
BKP-083-SRV-022,SRV-022,2026-03-25,Bronze-Weekly,Success,23,407,24,No,
BKP-083-SRV-049,SRV-049,2026-03-25,Gold-4hr,Failed,80,315,168,No,Repository unavailable
BKP-083-SRV-009,SRV-009,2026-03-25,Silver-Daily,Success,89,71,4,No,
BKP-083-SRV-044,SRV-044,2026-03-25,Silver-Daily,Success,29,222,4,No,
BKP-083-SRV-027,SRV-027,2026-03-25,Gold-4hr,Warning,10,135,24,No,
BKP-083-SRV-053,SRV-053,2026-03-25,Bronze-Weekly,Success,56,355,24,No,
BKP-084-SRV-041,SRV-041,2026-03-26,Bronze-Weekly,Success,90,206,24,No,
BKP-084-SRV-025,SRV-025,2026-03-26,Silver-Daily,Success,20,310,4,No,
BKP-084-SRV-042,SRV-042,2026-03-26,Gold-4hr,Success,58,183,4,No,
BKP-084-SRV-030,SRV-030,2026-03-26,Bronze-Weekly,Success,10,508,24,No,
BKP-084-SRV-016,SRV-016,2026-03-26,Bronze-Weekly,Success,90,67,24,No,
BKP-084-SRV-012,SRV-012,2026-03-26,Bronze-Weekly,Failed,73,595,168,No,Repository unavailable
BKP-085-SRV-022,SRV-022,2026-03-27,Bronze-Weekly,Success,42,175,168,No,
BKP-085-SRV-047,SRV-047,2026-03-27,Silver-Daily,Success,63,566,4,No,
BKP-085-SRV-040,SRV-040,2026-03-27,Gold-4hr,Success,50,466,24,No,
BKP-085-SRV-024,SRV-024,2026-03-27,Bronze-Weekly,Success,11,523,24,No,
BKP-085-SRV-001,SRV-001,2026-03-27,Gold-4hr,Success,44,135,4,No,
BKP-085-SRV-058,SRV-058,2026-03-27,Bronze-Weekly,Success,55,91,24,No,
BKP-086-SRV-048,SRV-048,2026-03-28,Gold-4hr,Success,18,392,24,No,
BKP-086-SRV-030,SRV-030,2026-03-28,Bronze-Weekly,Success,78,329,168,No,
BKP-086-SRV-058,SRV-058,2026-03-28,Bronze-Weekly,Success,55,181,168,No,
BKP-086-SRV-056,SRV-056,2026-03-28,Gold-4hr,Success,39,335,4,No,
BKP-086-SRV-037,SRV-037,2026-03-28,Bronze-Weekly,Success,69,213,4,No,
BKP-086-SRV-033,SRV-033,2026-03-28,Bronze-Weekly,Success,26,280,168,No,
BKP-087-SRV-031,SRV-031,2026-03-29,Gold-4hr,Success,28,33,4,No,
BKP-087-SRV-042,SRV-042,2026-03-29,Gold-4hr,Success,90,479,4,No,
BKP-087-SRV-043,SRV-043,2026-03-29,Silver-Daily,Success,21,259,168,No,
BKP-087-SRV-011,SRV-011,2026-03-29,Gold-4hr,Success,12,329,168,No,
BKP-087-SRV-037,SRV-037,2026-03-29,Bronze-Weekly,Success,70,538,4,No,
BKP-087-SRV-035,SRV-035,2026-03-29,Gold-4hr,Failed,39,119,24,No,Snapshot timeout
BKP-088-SRV-049,SRV-049,2026-03-30,Gold-4hr,Success,35,71,4,No,
BKP-088-SRV-056,SRV-056,2026-03-30,Gold-4hr,Success,16,234,4,No,
BKP-088-SRV-025,SRV-025,2026-03-30,Silver-Daily,Success,22,225,4,No,
BKP-088-SRV-009,SRV-009,2026-03-30,Silver-Daily,Success,46,324,4,No,
BKP-088-SRV-047,SRV-047,2026-03-30,Silver-Daily,Success,39,486,168,No,
BKP-088-SRV-024,SRV-024,2026-03-30,Bronze-Weekly,Success,94,38,24,No,
BKP-089-SRV-022,SRV-022,2026-03-31,Bronze-Weekly,Success,68,34,168,No,
BKP-089-SRV-043,SRV-043,2026-03-31,Silver-Daily,Success,14,323,168,No,
BKP-089-SRV-040,SRV-040,2026-03-31,Gold-4hr,Success,87,494,168,No,
BKP-089-SRV-009,SRV-009,2026-03-31,Silver-Daily,Success,74,470,168,No,
BKP-089-SRV-048,SRV-048,2026-03-31,Gold-4hr,Success,59,456,168,No,
BKP-089-SRV-057,SRV-057,2026-03-31,Silver-Daily,Success,17,75,4,No,
BKP-090-SRV-023,SRV-023,2026-04-01,Gold-4hr,Success,87,399,24,Yes,
BKP-090-SRV-001,SRV-001,2026-04-01,Gold-4hr,Success,65,422,4,Yes,
BKP-090-SRV-055,SRV-055,2026-04-01,Gold-4hr,Success,60,528,4,Yes,
BKP-090-SRV-029,SRV-029,2026-04-01,Gold-4hr,Warning,64,125,4,No,
BKP-090-SRV-045,SRV-045,2026-04-01,Gold-4hr,Success,44,521,24,Yes,
BKP-090-SRV-028,SRV-028,2026-04-01,Bronze-Weekly,Success,53,198,4,Yes,
BKP-091-SRV-003,SRV-003,2026-04-02,Silver-Daily,Success,9,298,4,No,
BKP-091-SRV-007,SRV-007,2026-04-02,Gold-4hr,Success,55,593,168,No,
BKP-091-SRV-005,SRV-005,2026-04-02,Gold-4hr,Success,91,151,4,No,
BKP-091-SRV-010,SRV-010,2026-04-02,Gold-4hr,Success,18,321,4,No,
BKP-091-SRV-054,SRV-054,2026-04-02,Gold-4hr,Success,60,86,24,No,
BKP-091-SRV-051,SRV-051,2026-04-02,Silver-Daily,Failed,87,492,24,No,Agent offline
BKP-092-SRV-020,SRV-020,2026-04-03,Bronze-Weekly,Success,22,124,168,No,
BKP-092-SRV-059,SRV-059,2026-04-03,Gold-4hr,Failed,82,348,4,No,Repository unavailable
BKP-092-SRV-057,SRV-057,2026-04-03,Silver-Daily,Success,71,568,24,No,
BKP-092-SRV-027,SRV-027,2026-04-03,Gold-4hr,Success,82,71,4,No,
BKP-092-SRV-038,SRV-038,2026-04-03,Silver-Daily,Success,49,387,168,No,
BKP-092-SRV-032,SRV-032,2026-04-03,Bronze-Weekly,Success,31,421,24,No,
BKP-093-SRV-009,SRV-009,2026-04-04,Silver-Daily,Success,51,531,168,No,
BKP-093-SRV-014,SRV-014,2026-04-04,Bronze-Weekly,Success,44,395,168,No,
BKP-093-SRV-026,SRV-026,2026-04-04,Silver-Daily,Success,34,466,4,No,
BKP-093-SRV-056,SRV-056,2026-04-04,Gold-4hr,Success,67,574,24,No,
BKP-093-SRV-012,SRV-012,2026-04-04,Bronze-Weekly,Success,11,541,168,No,
BKP-093-SRV-047,SRV-047,2026-04-04,Silver-Daily,Success,90,480,168,No,
BKP-094-SRV-005,SRV-005,2026-04-05,Gold-4hr,Success,88,324,24,No,
BKP-094-SRV-060,SRV-060,2026-04-05,Gold-4hr,Success,27,509,24,No,
BKP-094-SRV-057,SRV-057,2026-04-05,Silver-Daily,Success,85,271,4,No,
BKP-094-SRV-053,SRV-053,2026-04-05,Bronze-Weekly,Success,37,462,168,No,
BKP-094-SRV-055,SRV-055,2026-04-05,Gold-4hr,Success,59,409,24,No,
BKP-094-SRV-032,SRV-032,2026-04-05,Bronze-Weekly,Warning,44,326,168,No,
BKP-095-SRV-049,SRV-049,2026-04-06,Gold-4hr,Success,75,87,24,No,
BKP-095-SRV-026,SRV-026,2026-04-06,Silver-Daily,Success,29,511,168,No,
BKP-095-SRV-051,SRV-051,2026-04-06,Silver-Daily,Success,36,312,24,No,
BKP-095-SRV-048,SRV-048,2026-04-06,Gold-4hr,Success,83,437,24,No,
BKP-095-SRV-030,SRV-030,2026-04-06,Bronze-Weekly,Warning,45,393,168,No,
BKP-095-SRV-008,SRV-008,2026-04-06,Bronze-Weekly,Success,38,258,168,No,
BKP-096-SRV-041,SRV-041,2026-04-07,Bronze-Weekly,Success,74,117,24,No,
BKP-096-SRV-060,SRV-060,2026-04-07,Gold-4hr,Success,49,301,4,No,
BKP-096-SRV-007,SRV-007,2026-04-07,Gold-4hr,Success,50,293,168,No,
BKP-096-SRV-059,SRV-059,2026-04-07,Gold-4hr,Success,89,370,24,No,
BKP-096-SRV-034,SRV-034,2026-04-07,Silver-Daily,Success,84,477,168,No,
BKP-096-SRV-054,SRV-054,2026-04-07,Gold-4hr,Success,66,72,24,No,
BKP-097-SRV-058,SRV-058,2026-04-08,Bronze-Weekly,Success,55,355,4,No,
BKP-097-SRV-029,SRV-029,2026-04-08,Gold-4hr,Success,10,82,24,No,
BKP-097-SRV-042,SRV-042,2026-04-08,Gold-4hr,Success,41,116,4,No,
BKP-097-SRV-004,SRV-004,2026-04-08,Silver-Daily,Success,52,189,4,No,
BKP-097-SRV-054,SRV-054,2026-04-08,Gold-4hr,Success,81,577,24,No,
BKP-097-SRV-020,SRV-020,2026-04-08,Bronze-Weekly,Success,24,274,4,No,
BKP-098-SRV-024,SRV-024,2026-04-09,Bronze-Weekly,Success,21,520,24,No,
BKP-098-SRV-060,SRV-060,2026-04-09,Gold-4hr,Success,76,373,24,No,
BKP-098-SRV-022,SRV-022,2026-04-09,Bronze-Weekly,Success,91,423,24,No,
BKP-098-SRV-051,SRV-051,2026-04-09,Silver-Daily,Success,42,231,24,No,
BKP-098-SRV-042,SRV-042,2026-04-09,Gold-4hr,Success,72,148,4,No,
BKP-098-SRV-041,SRV-041,2026-04-09,Bronze-Weekly,Success,24,62,24,No,
BKP-099-SRV-005,SRV-005,2026-04-10,Gold-4hr,Success,28,395,24,No,
BKP-099-SRV-001,SRV-001,2026-04-10,Gold-4hr,Success,15,119,168,No,
BKP-099-SRV-027,SRV-027,2026-04-10,Gold-4hr,Success,67,439,4,No,
BKP-099-SRV-019,SRV-019,2026-04-10,Gold-4hr,Success,65,247,24,No,
BKP-099-SRV-037,SRV-037,2026-04-10,Bronze-Weekly,Success,12,66,168,No,
BKP-099-SRV-026,SRV-026,2026-04-10,Silver-Daily,Success,28,130,168,No,
BKP-100-SRV-037,SRV-037,2026-04-11,Bronze-Weekly,Success,30,70,24,No,
BKP-100-SRV-022,SRV-022,2026-04-11,Bronze-Weekly,Success,62,365,4,No,
BKP-100-SRV-025,SRV-025,2026-04-11,Silver-Daily,Success,80,407,168,No,
BKP-100-SRV-047,SRV-047,2026-04-11,Silver-Daily,Success,50,563,168,No,
BKP-100-SRV-054,SRV-054,2026-04-11,Gold-4hr,Success,93,369,4,No,
BKP-100-SRV-040,SRV-040,2026-04-11,Gold-4hr,Success,40,280,4,No,
BKP-101-SRV-007,SRV-007,2026-04-12,Gold-4hr,Success,94,184,4,No,
BKP-101-SRV-058,SRV-058,2026-04-12,Bronze-Weekly,Success,56,513,24,No,
BKP-101-SRV-048,SRV-048,2026-04-12,Gold-4hr,Success,46,69,24,No,
BKP-101-SRV-002,SRV-002,2026-04-12,Silver-Daily,Success,31,108,24,No,
BKP-101-SRV-052,SRV-052,2026-04-12,Bronze-Weekly,Success,67,332,4,No,
BKP-101-SRV-003,SRV-003,2026-04-12,Silver-Daily,Success,68,193,168,No,
BKP-102-SRV-027,SRV-027,2026-04-13,Gold-4hr,Success,42,226,24,No,
BKP-102-SRV-002,SRV-002,2026-04-13,Silver-Daily,Success,30,43,24,No,
BKP-102-SRV-022,SRV-022,2026-04-13,Bronze-Weekly,Success,44,232,4,No,
BKP-102-SRV-034,SRV-034,2026-04-13,Silver-Daily,Success,13,476,24,No,
BKP-102-SRV-028,SRV-028,2026-04-13,Bronze-Weekly,Success,26,584,24,No,
BKP-102-SRV-023,SRV-023,2026-04-13,Gold-4hr,Success,84,350,168,No,
BKP-103-SRV-037,SRV-037,2026-04-14,Bronze-Weekly,Success,58,43,4,No,
BKP-103-SRV-013,SRV-013,2026-04-14,Silver-Daily,Success,58,492,168,No,
BKP-103-SRV-047,SRV-047,2026-04-14,Silver-Daily,Success,65,228,168,No,
BKP-103-SRV-026,SRV-026,2026-04-14,Silver-Daily,Success,74,68,4,No,
BKP-103-SRV-032,SRV-032,2026-04-14,Bronze-Weekly,Success,34,43,168,No,
BKP-103-SRV-019,SRV-019,2026-04-14,Gold-4hr,Success,95,164,4,No,
BKP-104-SRV-034,SRV-034,2026-04-15,Silver-Daily,Success,50,55,24,No,
BKP-104-SRV-015,SRV-015,2026-04-15,Bronze-Weekly,Success,75,40,24,No,
BKP-104-SRV-024,SRV-024,2026-04-15,Bronze-Weekly,Success,88,201,24,No,
BKP-104-SRV-011,SRV-011,2026-04-15,Gold-4hr,Success,95,418,168,No,
BKP-104-SRV-010,SRV-010,2026-04-15,Gold-4hr,Success,12,295,4,No,
BKP-104-SRV-014,SRV-014,2026-04-15,Bronze-Weekly,Success,29,438,4,No,
BKP-105-SRV-026,SRV-026,2026-04-16,Silver-Daily,Success,67,263,4,No,
BKP-105-SRV-047,SRV-047,2026-04-16,Silver-Daily,Success,81,490,4,No,
BKP-105-SRV-048,SRV-048,2026-04-16,Gold-4hr,Success,46,400,4,No,
BKP-105-SRV-024,SRV-024,2026-04-16,Bronze-Weekly,Success,86,45,24,No,
BKP-105-SRV-021,SRV-021,2026-04-16,Silver-Daily,Success,56,84,4,No,
BKP-105-SRV-041,SRV-041,2026-04-16,Bronze-Weekly,Success,86,447,168,No,
BKP-106-SRV-049,SRV-049,2026-04-17,Gold-4hr,Success,13,281,4,No,
BKP-106-SRV-042,SRV-042,2026-04-17,Gold-4hr,Success,12,180,168,No,
BKP-106-SRV-059,SRV-059,2026-04-17,Gold-4hr,Success,66,43,24,No,
BKP-106-SRV-024,SRV-024,2026-04-17,Bronze-Weekly,Success,49,433,4,No,
BKP-106-SRV-017,SRV-017,2026-04-17,Bronze-Weekly,Success,65,201,24,No,
BKP-106-SRV-019,SRV-019,2026-04-17,Gold-4hr,Success,42,343,24,No,
BKP-107-SRV-001,SRV-001,2026-04-18,Gold-4hr,Success,83,42,24,No,
BKP-107-SRV-019,SRV-019,2026-04-18,Gold-4hr,Success,58,250,4,No,
BKP-107-SRV-035,SRV-035,2026-04-18,Gold-4hr,Success,94,423,24,No,
BKP-107-SRV-049,SRV-049,2026-04-18,Gold-4hr,Success,22,88,24,No,
BKP-107-SRV-023,SRV-023,2026-04-18,Gold-4hr,Success,22,194,24,No,
BKP-107-SRV-006,SRV-006,2026-04-18,Bronze-Weekly,Success,29,475,4,No,
BKP-108-SRV-051,SRV-051,2026-04-19,Silver-Daily,Warning,26,143,168,No,
BKP-108-SRV-038,SRV-038,2026-04-19,Silver-Daily,Success,52,262,168,No,
BKP-108-SRV-005,SRV-005,2026-04-19,Gold-4hr,Success,78,463,24,No,
BKP-108-SRV-026,SRV-026,2026-04-19,Silver-Daily,Success,69,409,4,No,
BKP-108-SRV-039,SRV-039,2026-04-19,Silver-Daily,Success,55,506,4,No,
BKP-108-SRV-019,SRV-019,2026-04-19,Gold-4hr,Success,41,382,168,No,
BKP-109-SRV-058,SRV-058,2026-04-20,Bronze-Weekly,Success,71,583,4,No,
BKP-109-SRV-053,SRV-053,2026-04-20,Bronze-Weekly,Success,92,299,4,No,
BKP-109-SRV-034,SRV-034,2026-04-20,Silver-Daily,Success,32,493,168,No,
BKP-109-SRV-056,SRV-056,2026-04-20,Gold-4hr,Success,89,125,24,No,
BKP-109-SRV-016,SRV-016,2026-04-20,Bronze-Weekly,Success,81,196,24,No,
BKP-109-SRV-028,SRV-028,2026-04-20,Bronze-Weekly,Success,59,401,168,No,
BKP-110-SRV-034,SRV-034,2026-04-21,Silver-Daily,Success,50,254,4,No,
BKP-110-SRV-002,SRV-002,2026-04-21,Silver-Daily,Success,31,156,24,No,
BKP-110-SRV-035,SRV-035,2026-04-21,Gold-4hr,Failed,9,216,168,No,Snapshot timeout
BKP-110-SRV-059,SRV-059,2026-04-21,Gold-4hr,Success,10,297,24,No,
BKP-110-SRV-031,SRV-031,2026-04-21,Gold-4hr,Success,87,169,168,No,
BKP-110-SRV-038,SRV-038,2026-04-21,Silver-Daily,Success,36,473,4,No,
BKP-111-SRV-017,SRV-017,2026-04-22,Bronze-Weekly,Success,65,190,24,No,
BKP-111-SRV-010,SRV-010,2026-04-22,Gold-4hr,Success,37,189,168,No,
BKP-111-SRV-044,SRV-044,2026-04-22,Silver-Daily,Success,60,525,168,No,
BKP-111-SRV-008,SRV-008,2026-04-22,Bronze-Weekly,Success,81,345,24,No,
BKP-111-SRV-014,SRV-014,2026-04-22,Bronze-Weekly,Success,61,138,168,No,
BKP-111-SRV-052,SRV-052,2026-04-22,Bronze-Weekly,Success,39,414,168,No,
BKP-112-SRV-037,SRV-037,2026-04-23,Bronze-Weekly,Success,94,492,4,No,
BKP-112-SRV-056,SRV-056,2026-04-23,Gold-4hr,Success,73,97,168,No,
BKP-112-SRV-033,SRV-033,2026-04-23,Bronze-Weekly,Success,86,524,4,No,
BKP-112-SRV-014,SRV-014,2026-04-23,Bronze-Weekly,Success,93,436,4,No,
BKP-112-SRV-010,SRV-010,2026-04-23,Gold-4hr,Success,11,528,4,No,
BKP-112-SRV-049,SRV-049,2026-04-23,Gold-4hr,Success,79,73,24,No,
BKP-113-SRV-002,SRV-002,2026-04-24,Silver-Daily,Success,26,285,24,No,
BKP-113-SRV-040,SRV-040,2026-04-24,Gold-4hr,Success,24,200,24,No,
BKP-113-SRV-014,SRV-014,2026-04-24,Bronze-Weekly,Success,41,149,24,No,
BKP-113-SRV-015,SRV-015,2026-04-24,Bronze-Weekly,Success,25,505,4,No,
BKP-113-SRV-026,SRV-026,2026-04-24,Silver-Daily,Success,26,114,24,No,
BKP-113-SRV-047,SRV-047,2026-04-24,Silver-Daily,Failed,38,159,24,No,Repository unavailable
BKP-114-SRV-050,SRV-050,2026-04-25,Gold-4hr,Success,31,590,24,No,
BKP-114-SRV-007,SRV-007,2026-04-25,Gold-4hr,Success,20,97,168,No,
BKP-114-SRV-026,SRV-026,2026-04-25,Silver-Daily,Success,51,80,24,No,
BKP-114-SRV-040,SRV-040,2026-04-25,Gold-4hr,Success,59,187,24,No,
BKP-114-SRV-056,SRV-056,2026-04-25,Gold-4hr,Success,49,118,4,No,
BKP-114-SRV-038,SRV-038,2026-04-25,Silver-Daily,Success,62,446,168,No,
BKP-115-SRV-001,SRV-001,2026-04-26,Gold-4hr,Success,90,598,24,No,
BKP-115-SRV-048,SRV-048,2026-04-26,Gold-4hr,Success,47,500,4,No,
BKP-115-SRV-022,SRV-022,2026-04-26,Bronze-Weekly,Warning,19,534,4,No,
BKP-115-SRV-053,SRV-053,2026-04-26,Bronze-Weekly,Success,25,13,24,No,
BKP-115-SRV-030,SRV-030,2026-04-26,Bronze-Weekly,Success,81,131,168,No,
BKP-115-SRV-021,SRV-021,2026-04-26,Silver-Daily,Success,76,279,24,No,
BKP-116-SRV-022,SRV-022,2026-04-27,Bronze-Weekly,Success,63,530,24,No,
BKP-116-SRV-024,SRV-024,2026-04-27,Bronze-Weekly,Failed,16,397,24,No,Agent offline
BKP-116-SRV-056,SRV-056,2026-04-27,Gold-4hr,Success,91,379,24,No,
BKP-116-SRV-004,SRV-004,2026-04-27,Silver-Daily,Success,82,87,168,No,
BKP-116-SRV-050,SRV-050,2026-04-27,Gold-4hr,Success,60,463,24,No,
BKP-116-SRV-027,SRV-027,2026-04-27,Gold-4hr,Success,31,151,4,No,
BKP-117-SRV-025,SRV-025,2026-04-28,Silver-Daily,Success,52,116,24,No,
BKP-117-SRV-018,SRV-018,2026-04-28,Gold-4hr,Success,93,14,168,No,
BKP-117-SRV-020,SRV-020,2026-04-28,Bronze-Weekly,Success,95,267,4,No,
BKP-117-SRV-037,SRV-037,2026-04-28,Bronze-Weekly,Success,21,438,4,No,
BKP-117-SRV-046,SRV-046,2026-04-28,Bronze-Weekly,Success,23,519,24,No,
BKP-117-SRV-057,SRV-057,2026-04-28,Silver-Daily,Success,42,289,4,No,
BKP-118-SRV-012,SRV-012,2026-04-29,Bronze-Weekly,Success,90,120,168,No,
BKP-118-SRV-010,SRV-010,2026-04-29,Gold-4hr,Success,69,206,168,No,
BKP-118-SRV-007,SRV-007,2026-04-29,Gold-4hr,Success,95,600,4,No,
BKP-118-SRV-055,SRV-055,2026-04-29,Gold-4hr,Success,40,464,4,No,
BKP-118-SRV-060,SRV-060,2026-04-29,Gold-4hr,Success,49,113,4,No,
BKP-118-SRV-044,SRV-044,2026-04-29,Silver-Daily,Success,83,384,168,No,
BKP-119-SRV-016,SRV-016,2026-04-30,Bronze-Weekly,Success,38,182,24,No,
BKP-119-SRV-047,SRV-047,2026-04-30,Silver-Daily,Success,46,331,4,No,
BKP-119-SRV-036,SRV-036,2026-04-30,Gold-4hr,Success,49,99,4,No,
BKP-119-SRV-021,SRV-021,2026-04-30,Silver-Daily,Success,62,216,168,No,
BKP-119-SRV-001,SRV-001,2026-04-30,Gold-4hr,Success,36,77,168,No,
BKP-119-SRV-033,SRV-033,2026-04-30,Bronze-Weekly,Success,17,76,24,No,
BKP-120-SRV-015,SRV-015,2026-05-01,Bronze-Weekly,Success,18,377,24,Yes,
BKP-120-SRV-052,SRV-052,2026-05-01,Bronze-Weekly,Success,35,258,168,Yes,
BKP-120-SRV-013,SRV-013,2026-05-01,Silver-Daily,Success,29,341,24,Yes,
BKP-120-SRV-049,SRV-049,2026-05-01,Gold-4hr,Success,60,567,168,Yes,
BKP-120-SRV-023,SRV-023,2026-05-01,Gold-4hr,Warning,94,160,4,No,
BKP-120-SRV-017,SRV-017,2026-05-01,Bronze-Weekly,Success,77,146,168,Yes,
BKP-121-SRV-042,SRV-042,2026-05-02,Gold-4hr,Success,13,187,168,No,
BKP-121-SRV-038,SRV-038,2026-05-02,Silver-Daily,Success,52,481,4,No,
BKP-121-SRV-058,SRV-058,2026-05-02,Bronze-Weekly,Success,61,596,168,No,
BKP-121-SRV-047,SRV-047,2026-05-02,Silver-Daily,Failed,80,536,4,No,Snapshot timeout
BKP-121-SRV-017,SRV-017,2026-05-02,Bronze-Weekly,Success,55,310,168,No,
BKP-121-SRV-022,SRV-022,2026-05-02,Bronze-Weekly,Success,21,319,24,No,
BKP-122-SRV-016,SRV-016,2026-05-03,Bronze-Weekly,Success,74,454,4,No,
BKP-122-SRV-047,SRV-047,2026-05-03,Silver-Daily,Success,61,487,168,No,
BKP-122-SRV-027,SRV-027,2026-05-03,Gold-4hr,Success,57,93,24,No,
BKP-122-SRV-022,SRV-022,2026-05-03,Bronze-Weekly,Success,9,336,24,No,
BKP-122-SRV-007,SRV-007,2026-05-03,Gold-4hr,Success,65,30,24,No,
BKP-122-SRV-013,SRV-013,2026-05-03,Silver-Daily,Success,38,401,24,No,
BKP-123-SRV-006,SRV-006,2026-05-04,Bronze-Weekly,Success,85,393,4,No,
BKP-123-SRV-009,SRV-009,2026-05-04,Silver-Daily,Success,30,120,24,No,
BKP-123-SRV-032,SRV-032,2026-05-04,Bronze-Weekly,Success,84,319,4,No,
BKP-123-SRV-045,SRV-045,2026-05-04,Gold-4hr,Success,57,471,4,No,
BKP-123-SRV-017,SRV-017,2026-05-04,Bronze-Weekly,Failed,62,467,4,No,Repository unavailable
BKP-123-SRV-031,SRV-031,2026-05-04,Gold-4hr,Success,78,450,4,No,
BKP-124-SRV-040,SRV-040,2026-05-05,Gold-4hr,Success,64,575,168,No,
BKP-124-SRV-013,SRV-013,2026-05-05,Silver-Daily,Success,79,404,168,No,
BKP-124-SRV-005,SRV-005,2026-05-05,Gold-4hr,Success,41,24,4,No,
BKP-124-SRV-060,SRV-060,2026-05-05,Gold-4hr,Success,26,382,24,No,
BKP-124-SRV-049,SRV-049,2026-05-05,Gold-4hr,Success,23,473,24,No,
BKP-124-SRV-007,SRV-007,2026-05-05,Gold-4hr,Success,8,276,24,No,
BKP-125-SRV-054,SRV-054,2026-05-06,Gold-4hr,Success,42,60,4,No,
BKP-125-SRV-007,SRV-007,2026-05-06,Gold-4hr,Success,67,138,24,No,
BKP-125-SRV-028,SRV-028,2026-05-06,Bronze-Weekly,Success,44,363,24,No,
BKP-125-SRV-008,SRV-008,2026-05-06,Bronze-Weekly,Success,83,68,168,No,
BKP-125-SRV-019,SRV-019,2026-05-06,Gold-4hr,Success,41,142,24,No,
BKP-125-SRV-046,SRV-046,2026-05-06,Bronze-Weekly,Success,15,371,24,No,
BKP-126-SRV-013,SRV-013,2026-05-07,Silver-Daily,Success,90,339,4,No,
BKP-126-SRV-027,SRV-027,2026-05-07,Gold-4hr,Success,74,200,4,No,
BKP-126-SRV-044,SRV-044,2026-05-07,Silver-Daily,Success,34,162,168,No,
BKP-126-SRV-047,SRV-047,2026-05-07,Silver-Daily,Success,62,507,168,No,
BKP-126-SRV-004,SRV-004,2026-05-07,Silver-Daily,Success,47,217,24,No,
BKP-126-SRV-014,SRV-014,2026-05-07,Bronze-Weekly,Success,95,383,168,No,
BKP-127-SRV-038,SRV-038,2026-05-08,Silver-Daily,Success,39,534,24,No,
BKP-127-SRV-007,SRV-007,2026-05-08,Gold-4hr,Success,58,599,4,No,
BKP-127-SRV-056,SRV-056,2026-05-08,Gold-4hr,Success,90,286,4,No,
BKP-127-SRV-039,SRV-039,2026-05-08,Silver-Daily,Success,60,210,24,No,
BKP-127-SRV-030,SRV-030,2026-05-08,Bronze-Weekly,Success,72,519,4,No,
BKP-127-SRV-050,SRV-050,2026-05-08,Gold-4hr,Success,22,457,24,No,
BKP-128-SRV-056,SRV-056,2026-05-09,Gold-4hr,Success,32,285,24,No,
BKP-128-SRV-014,SRV-014,2026-05-09,Bronze-Weekly,Success,62,591,168,No,
BKP-128-SRV-041,SRV-041,2026-05-09,Bronze-Weekly,Success,72,141,168,No,
BKP-128-SRV-022,SRV-022,2026-05-09,Bronze-Weekly,Success,60,251,4,No,
BKP-128-SRV-039,SRV-039,2026-05-09,Silver-Daily,Success,67,164,168,No,
BKP-128-SRV-049,SRV-049,2026-05-09,Gold-4hr,Success,88,293,4,No,
BKP-129-SRV-029,SRV-029,2026-05-10,Gold-4hr,Success,36,97,24,No,
BKP-129-SRV-038,SRV-038,2026-05-10,Silver-Daily,Success,23,279,4,No,
BKP-129-SRV-014,SRV-014,2026-05-10,Bronze-Weekly,Success,53,268,24,No,
BKP-129-SRV-045,SRV-045,2026-05-10,Gold-4hr,Success,12,421,24,No,
BKP-129-SRV-054,SRV-054,2026-05-10,Gold-4hr,Success,26,328,4,No,
BKP-129-SRV-050,SRV-050,2026-05-10,Gold-4hr,Success,54,516,24,No,
BKP-130-SRV-003,SRV-003,2026-05-11,Silver-Daily,Success,70,486,4,No,
BKP-130-SRV-020,SRV-020,2026-05-11,Bronze-Weekly,Success,40,482,24,No,
BKP-130-SRV-002,SRV-002,2026-05-11,Silver-Daily,Success,37,61,24,No,
BKP-130-SRV-050,SRV-050,2026-05-11,Gold-4hr,Success,92,462,168,No,
BKP-130-SRV-024,SRV-024,2026-05-11,Bronze-Weekly,Success,70,338,4,No,
BKP-130-SRV-011,SRV-011,2026-05-11,Gold-4hr,Success,8,38,24,No,
BKP-131-SRV-046,SRV-046,2026-05-12,Bronze-Weekly,Success,44,33,24,No,
BKP-131-SRV-042,SRV-042,2026-05-12,Gold-4hr,Success,37,297,24,No,
BKP-131-SRV-023,SRV-023,2026-05-12,Gold-4hr,Success,13,288,4,No,
BKP-131-SRV-050,SRV-050,2026-05-12,Gold-4hr,Success,16,521,4,No,
BKP-131-SRV-053,SRV-053,2026-05-12,Bronze-Weekly,Success,80,165,4,No,
BKP-131-SRV-007,SRV-007,2026-05-12,Gold-4hr,Success,26,335,4,No,
BKP-132-SRV-049,SRV-049,2026-05-13,Gold-4hr,Success,53,55,4,No,
BKP-132-SRV-045,SRV-045,2026-05-13,Gold-4hr,Success,19,321,24,No,
BKP-132-SRV-014,SRV-014,2026-05-13,Bronze-Weekly,Success,94,466,4,No,
BKP-132-SRV-040,SRV-040,2026-05-13,Gold-4hr,Success,15,365,24,No,
BKP-132-SRV-002,SRV-002,2026-05-13,Silver-Daily,Success,38,503,168,No,
BKP-132-SRV-001,SRV-001,2026-05-13,Gold-4hr,Success,87,38,24,No,
BKP-133-SRV-040,SRV-040,2026-05-14,Gold-4hr,Success,48,395,168,No,
BKP-133-SRV-059,SRV-059,2026-05-14,Gold-4hr,Success,25,401,4,No,
BKP-133-SRV-032,SRV-032,2026-05-14,Bronze-Weekly,Success,39,581,168,No,
BKP-133-SRV-023,SRV-023,2026-05-14,Gold-4hr,Success,61,360,4,No,
BKP-133-SRV-031,SRV-031,2026-05-14,Gold-4hr,Success,13,222,168,No,
BKP-133-SRV-045,SRV-045,2026-05-14,Gold-4hr,Success,33,64,168,No,
BKP-134-SRV-009,SRV-009,2026-05-15,Silver-Daily,Success,14,425,168,No,
BKP-134-SRV-019,SRV-019,2026-05-15,Gold-4hr,Success,40,279,168,No,
BKP-134-SRV-006,SRV-006,2026-05-15,Bronze-Weekly,Success,54,589,4,No,
BKP-134-SRV-014,SRV-014,2026-05-15,Bronze-Weekly,Success,45,131,24,No,
BKP-134-SRV-003,SRV-003,2026-05-15,Silver-Daily,Success,88,209,4,No,
BKP-134-SRV-008,SRV-008,2026-05-15,Bronze-Weekly,Success,95,249,168,No,
BKP-135-SRV-041,SRV-041,2026-05-16,Bronze-Weekly,Success,27,112,168,No,
BKP-135-SRV-003,SRV-003,2026-05-16,Silver-Daily,Success,28,104,24,No,
BKP-135-SRV-049,SRV-049,2026-05-16,Gold-4hr,Success,63,202,168,No,
BKP-135-SRV-046,SRV-046,2026-05-16,Bronze-Weekly,Success,36,78,168,No,
BKP-135-SRV-054,SRV-054,2026-05-16,Gold-4hr,Success,67,543,4,No,
BKP-135-SRV-030,SRV-030,2026-05-16,Bronze-Weekly,Success,92,37,168,No,
BKP-136-SRV-052,SRV-052,2026-05-17,Bronze-Weekly,Success,59,501,4,No,
BKP-136-SRV-004,SRV-004,2026-05-17,Silver-Daily,Success,25,374,24,No,
BKP-136-SRV-010,SRV-010,2026-05-17,Gold-4hr,Success,48,255,24,No,
BKP-136-SRV-056,SRV-056,2026-05-17,Gold-4hr,Success,42,75,4,No,
BKP-136-SRV-016,SRV-016,2026-05-17,Bronze-Weekly,Success,95,203,24,No,
BKP-136-SRV-035,SRV-035,2026-05-17,Gold-4hr,Success,65,199,168,No,
BKP-137-SRV-026,SRV-026,2026-05-18,Silver-Daily,Success,10,170,4,No,
BKP-137-SRV-016,SRV-016,2026-05-18,Bronze-Weekly,Success,41,157,4,No,
BKP-137-SRV-038,SRV-038,2026-05-18,Silver-Daily,Success,68,363,168,No,
BKP-137-SRV-037,SRV-037,2026-05-18,Bronze-Weekly,Success,49,20,168,No,
BKP-137-SRV-045,SRV-045,2026-05-18,Gold-4hr,Success,90,34,168,No,
BKP-137-SRV-060,SRV-060,2026-05-18,Gold-4hr,Success,94,383,24,No,
BKP-138-SRV-009,SRV-009,2026-05-19,Silver-Daily,Success,38,600,168,No,
BKP-138-SRV-034,SRV-034,2026-05-19,Silver-Daily,Success,19,35,24,No,
BKP-138-SRV-058,SRV-058,2026-05-19,Bronze-Weekly,Success,69,241,4,No,
BKP-138-SRV-025,SRV-025,2026-05-19,Silver-Daily,Success,74,198,24,No,
BKP-138-SRV-040,SRV-040,2026-05-19,Gold-4hr,Success,48,231,24,No,
BKP-138-SRV-016,SRV-016,2026-05-19,Bronze-Weekly,Success,14,192,168,No,
BKP-139-SRV-020,SRV-020,2026-05-20,Bronze-Weekly,Success,29,251,168,No,
BKP-139-SRV-037,SRV-037,2026-05-20,Bronze-Weekly,Success,52,349,168,No,
BKP-139-SRV-025,SRV-025,2026-05-20,Silver-Daily,Success,17,11,168,No,
BKP-139-SRV-026,SRV-026,2026-05-20,Silver-Daily,Success,89,382,168,No,
BKP-139-SRV-034,SRV-034,2026-05-20,Silver-Daily,Success,47,573,24,No,
BKP-139-SRV-040,SRV-040,2026-05-20,Gold-4hr,Success,26,14,24,No,
BKP-140-SRV-018,SRV-018,2026-05-21,Gold-4hr,Success,78,487,4,No,
BKP-140-SRV-004,SRV-004,2026-05-21,Silver-Daily,Warning,94,147,4,No,
BKP-140-SRV-024,SRV-024,2026-05-21,Bronze-Weekly,Success,91,472,24,No,
BKP-140-SRV-007,SRV-007,2026-05-21,Gold-4hr,Success,86,65,4,No,
BKP-140-SRV-052,SRV-052,2026-05-21,Bronze-Weekly,Success,40,552,4,No,
BKP-140-SRV-047,SRV-047,2026-05-21,Silver-Daily,Success,11,223,4,No,
BKP-141-SRV-001,SRV-001,2026-05-22,Gold-4hr,Success,70,144,168,No,
BKP-141-SRV-045,SRV-045,2026-05-22,Gold-4hr,Success,15,163,168,No,
BKP-141-SRV-018,SRV-018,2026-05-22,Gold-4hr,Success,84,359,24,No,
BKP-141-SRV-007,SRV-007,2026-05-22,Gold-4hr,Success,53,127,4,No,
BKP-141-SRV-047,SRV-047,2026-05-22,Silver-Daily,Success,67,67,168,No,
BKP-141-SRV-004,SRV-004,2026-05-22,Silver-Daily,Success,85,446,168,No,
BKP-142-SRV-048,SRV-048,2026-05-23,Gold-4hr,Success,52,115,24,No,
BKP-142-SRV-014,SRV-014,2026-05-23,Bronze-Weekly,Success,63,555,168,No,
BKP-142-SRV-059,SRV-059,2026-05-23,Gold-4hr,Success,23,178,24,No,
BKP-142-SRV-045,SRV-045,2026-05-23,Gold-4hr,Success,28,111,4,No,
BKP-142-SRV-002,SRV-002,2026-05-23,Silver-Daily,Success,54,600,168,No,
BKP-142-SRV-051,SRV-051,2026-05-23,Silver-Daily,Success,30,386,24,No,
BKP-143-SRV-060,SRV-060,2026-05-24,Gold-4hr,Warning,84,343,168,No,
BKP-143-SRV-023,SRV-023,2026-05-24,Gold-4hr,Success,80,321,24,No,
BKP-143-SRV-026,SRV-026,2026-05-24,Silver-Daily,Success,46,520,24,No,
BKP-143-SRV-011,SRV-011,2026-05-24,Gold-4hr,Success,64,447,4,No,
BKP-143-SRV-005,SRV-005,2026-05-24,Gold-4hr,Success,79,189,24,No,
BKP-143-SRV-038,SRV-038,2026-05-24,Silver-Daily,Warning,45,530,24,No,
BKP-144-SRV-035,SRV-035,2026-05-25,Gold-4hr,Success,92,341,168,No,
BKP-144-SRV-028,SRV-028,2026-05-25,Bronze-Weekly,Success,8,339,4,No,
BKP-144-SRV-020,SRV-020,2026-05-25,Bronze-Weekly,Success,54,63,24,No,
BKP-144-SRV-032,SRV-032,2026-05-25,Bronze-Weekly,Success,82,433,24,No,
BKP-144-SRV-059,SRV-059,2026-05-25,Gold-4hr,Success,16,111,24,No,
BKP-144-SRV-027,SRV-027,2026-05-25,Gold-4hr,Success,8,330,168,No,
BKP-145-SRV-009,SRV-009,2026-05-26,Silver-Daily,Success,47,179,24,No,
BKP-145-SRV-056,SRV-056,2026-05-26,Gold-4hr,Success,86,521,168,No,
BKP-145-SRV-054,SRV-054,2026-05-26,Gold-4hr,Success,77,58,24,No,
BKP-145-SRV-022,SRV-022,2026-05-26,Bronze-Weekly,Success,60,16,168,No,
BKP-145-SRV-027,SRV-027,2026-05-26,Gold-4hr,Warning,57,235,168,No,
BKP-145-SRV-033,SRV-033,2026-05-26,Bronze-Weekly,Success,31,526,24,No,
BKP-146-SRV-003,SRV-003,2026-05-27,Silver-Daily,Success,50,10,168,No,
BKP-146-SRV-046,SRV-046,2026-05-27,Bronze-Weekly,Success,11,171,4,No,
BKP-146-SRV-019,SRV-019,2026-05-27,Gold-4hr,Success,22,198,4,No,
BKP-146-SRV-007,SRV-007,2026-05-27,Gold-4hr,Success,30,298,24,No,
BKP-146-SRV-027,SRV-027,2026-05-27,Gold-4hr,Success,56,147,24,No,
BKP-146-SRV-010,SRV-010,2026-05-27,Gold-4hr,Success,49,108,24,No,
BKP-147-SRV-033,SRV-033,2026-05-28,Bronze-Weekly,Success,48,109,4,No,
BKP-147-SRV-030,SRV-030,2026-05-28,Bronze-Weekly,Success,50,292,24,No,
BKP-147-SRV-017,SRV-017,2026-05-28,Bronze-Weekly,Success,79,256,168,No,
BKP-147-SRV-038,SRV-038,2026-05-28,Silver-Daily,Failed,48,238,168,No,Repository unavailable
BKP-147-SRV-055,SRV-055,2026-05-28,Gold-4hr,Success,92,310,168,No,
BKP-147-SRV-031,SRV-031,2026-05-28,Gold-4hr,Success,85,78,24,No,
BKP-148-SRV-038,SRV-038,2026-05-29,Silver-Daily,Success,51,156,4,No,
BKP-148-SRV-023,SRV-023,2026-05-29,Gold-4hr,Success,68,339,4,No,
BKP-148-SRV-015,SRV-015,2026-05-29,Bronze-Weekly,Success,8,595,168,No,
BKP-148-SRV-059,SRV-059,2026-05-29,Gold-4hr,Success,78,101,24,No,
BKP-148-SRV-049,SRV-049,2026-05-29,Gold-4hr,Success,81,478,4,No,
BKP-148-SRV-042,SRV-042,2026-05-29,Gold-4hr,Success,23,91,24,No,
BKP-149-SRV-058,SRV-058,2026-05-30,Bronze-Weekly,Success,80,565,168,No,
BKP-149-SRV-039,SRV-039,2026-05-30,Silver-Daily,Success,14,332,168,No,
BKP-149-SRV-028,SRV-028,2026-05-30,Bronze-Weekly,Success,94,339,168,No,
BKP-149-SRV-016,SRV-016,2026-05-30,Bronze-Weekly,Success,89,114,168,No,
BKP-149-SRV-014,SRV-014,2026-05-30,Bronze-Weekly,Success,91,285,4,No,
BKP-149-SRV-060,SRV-060,2026-05-30,Gold-4hr,Success,54,512,24,No,
BKP-150-SRV-050,SRV-050,2026-05-31,Gold-4hr,Success,42,182,4,Yes,
BKP-150-SRV-034,SRV-034,2026-05-31,Silver-Daily,Success,46,176,4,Yes,
BKP-150-SRV-014,SRV-014,2026-05-31,Bronze-Weekly,Success,45,101,168,Yes,
BKP-150-SRV-017,SRV-017,2026-05-31,Bronze-Weekly,Success,88,426,24,Yes,
BKP-150-SRV-044,SRV-044,2026-05-31,Silver-Daily,Success,12,486,168,Yes,
BKP-150-SRV-019,SRV-019,2026-05-31,Gold-4hr,Success,49,346,4,Yes,
BKP-151-SRV-046,SRV-046,2026-06-01,Bronze-Weekly,Success,81,219,24,No,
BKP-151-SRV-024,SRV-024,2026-06-01,Bronze-Weekly,Success,65,487,4,No,
BKP-151-SRV-020,SRV-020,2026-06-01,Bronze-Weekly,Failed,64,398,168,No,Repository unavailable
BKP-151-SRV-008,SRV-008,2026-06-01,Bronze-Weekly,Failed,95,421,4,No,Agent offline
BKP-151-SRV-022,SRV-022,2026-06-01,Bronze-Weekly,Success,43,125,4,No,
BKP-151-SRV-057,SRV-057,2026-06-01,Silver-Daily,Success,20,185,168,No,
BKP-152-SRV-017,SRV-017,2026-06-02,Bronze-Weekly,Success,48,378,168,No,
BKP-152-SRV-051,SRV-051,2026-06-02,Silver-Daily,Success,76,173,24,No,
BKP-152-SRV-056,SRV-056,2026-06-02,Gold-4hr,Success,15,429,168,No,
BKP-152-SRV-036,SRV-036,2026-06-02,Gold-4hr,Success,24,149,24,No,
BKP-152-SRV-014,SRV-014,2026-06-02,Bronze-Weekly,Success,92,123,24,No,
BKP-152-SRV-025,SRV-025,2026-06-02,Silver-Daily,Success,94,267,168,No,
BKP-153-SRV-002,SRV-002,2026-06-03,Silver-Daily,Success,71,444,4,No,
BKP-153-SRV-028,SRV-028,2026-06-03,Bronze-Weekly,Success,29,240,24,No,
BKP-153-SRV-057,SRV-057,2026-06-03,Silver-Daily,Success,92,150,4,No,
BKP-153-SRV-060,SRV-060,2026-06-03,Gold-4hr,Success,41,384,168,No,
BKP-153-SRV-055,SRV-055,2026-06-03,Gold-4hr,Success,57,122,24,No,
BKP-153-SRV-034,SRV-034,2026-06-03,Silver-Daily,Warning,68,220,168,No,
BKP-154-SRV-017,SRV-017,2026-06-04,Bronze-Weekly,Success,89,443,4,No,
BKP-154-SRV-039,SRV-039,2026-06-04,Silver-Daily,Success,53,590,168,No,
BKP-154-SRV-060,SRV-060,2026-06-04,Gold-4hr,Success,42,97,4,No,
BKP-154-SRV-057,SRV-057,2026-06-04,Silver-Daily,Success,68,551,24,No,
BKP-154-SRV-013,SRV-013,2026-06-04,Silver-Daily,Success,22,584,168,No,
BKP-154-SRV-036,SRV-036,2026-06-04,Gold-4hr,Success,92,99,4,No,
BKP-155-SRV-047,SRV-047,2026-06-05,Silver-Daily,Success,93,173,4,No,
BKP-155-SRV-015,SRV-015,2026-06-05,Bronze-Weekly,Success,42,250,4,No,
BKP-155-SRV-059,SRV-059,2026-06-05,Gold-4hr,Success,88,462,4,No,
BKP-155-SRV-051,SRV-051,2026-06-05,Silver-Daily,Success,20,158,24,No,
BKP-155-SRV-031,SRV-031,2026-06-05,Gold-4hr,Success,85,436,4,No,
BKP-155-SRV-040,SRV-040,2026-06-05,Gold-4hr,Success,73,506,168,No,
BKP-156-SRV-042,SRV-042,2026-06-06,Gold-4hr,Success,30,186,168,No,
BKP-156-SRV-003,SRV-003,2026-06-06,Silver-Daily,Success,72,155,4,No,
BKP-156-SRV-054,SRV-054,2026-06-06,Gold-4hr,Success,47,298,168,No,
BKP-156-SRV-033,SRV-033,2026-06-06,Bronze-Weekly,Success,38,335,4,No,
BKP-156-SRV-047,SRV-047,2026-06-06,Silver-Daily,Success,73,585,4,No,
BKP-156-SRV-005,SRV-005,2026-06-06,Gold-4hr,Success,40,371,24,No,
BKP-157-SRV-008,SRV-008,2026-06-07,Bronze-Weekly,Warning,93,358,168,No,
BKP-157-SRV-052,SRV-052,2026-06-07,Bronze-Weekly,Success,9,200,168,No,
BKP-157-SRV-049,SRV-049,2026-06-07,Gold-4hr,Success,25,291,4,No,
BKP-157-SRV-003,SRV-003,2026-06-07,Silver-Daily,Success,23,562,168,No,
BKP-157-SRV-059,SRV-059,2026-06-07,Gold-4hr,Success,36,107,4,No,
BKP-157-SRV-019,SRV-019,2026-06-07,Gold-4hr,Success,94,292,4,No,
BKP-158-SRV-017,SRV-017,2026-06-08,Bronze-Weekly,Success,93,494,168,No,
BKP-158-SRV-003,SRV-003,2026-06-08,Silver-Daily,Success,89,103,24,No,
BKP-158-SRV-015,SRV-015,2026-06-08,Bronze-Weekly,Success,39,365,168,No,
BKP-158-SRV-057,SRV-057,2026-06-08,Silver-Daily,Success,60,522,4,No,
BKP-158-SRV-004,SRV-004,2026-06-08,Silver-Daily,Success,14,93,168,No,
BKP-158-SRV-054,SRV-054,2026-06-08,Gold-4hr,Success,27,508,168,No,
BKP-159-SRV-027,SRV-027,2026-06-09,Gold-4hr,Success,57,472,4,No,
BKP-159-SRV-036,SRV-036,2026-06-09,Gold-4hr,Success,61,178,4,No,
BKP-159-SRV-024,SRV-024,2026-06-09,Bronze-Weekly,Success,21,145,24,No,
BKP-159-SRV-019,SRV-019,2026-06-09,Gold-4hr,Success,92,396,24,No,
BKP-159-SRV-026,SRV-026,2026-06-09,Silver-Daily,Success,89,355,168,No,
BKP-159-SRV-012,SRV-012,2026-06-09,Bronze-Weekly,Success,57,166,168,No,
BKP-160-SRV-009,SRV-009,2026-06-10,Silver-Daily,Success,89,112,4,No,
BKP-160-SRV-008,SRV-008,2026-06-10,Bronze-Weekly,Success,40,396,168,No,
BKP-160-SRV-049,SRV-049,2026-06-10,Gold-4hr,Success,82,344,4,No,
BKP-160-SRV-045,SRV-045,2026-06-10,Gold-4hr,Success,80,94,168,No,
BKP-160-SRV-016,SRV-016,2026-06-10,Bronze-Weekly,Success,82,272,24,No,
BKP-160-SRV-047,SRV-047,2026-06-10,Silver-Daily,Success,82,294,168,No,
BKP-161-SRV-039,SRV-039,2026-06-11,Silver-Daily,Success,92,66,24,No,
BKP-161-SRV-029,SRV-029,2026-06-11,Gold-4hr,Success,47,138,168,No,
BKP-161-SRV-010,SRV-010,2026-06-11,Gold-4hr,Success,54,431,4,No,
BKP-161-SRV-023,SRV-023,2026-06-11,Gold-4hr,Success,83,11,24,No,
BKP-161-SRV-019,SRV-019,2026-06-11,Gold-4hr,Success,49,113,24,No,
BKP-161-SRV-030,SRV-030,2026-06-11,Bronze-Weekly,Success,47,440,168,No,
BKP-162-SRV-052,SRV-052,2026-06-12,Bronze-Weekly,Success,48,173,24,No,
BKP-162-SRV-024,SRV-024,2026-06-12,Bronze-Weekly,Success,73,533,168,No,
BKP-162-SRV-032,SRV-032,2026-06-12,Bronze-Weekly,Success,58,315,24,No,
BKP-162-SRV-020,SRV-020,2026-06-12,Bronze-Weekly,Success,10,583,168,No,
BKP-162-SRV-034,SRV-034,2026-06-12,Silver-Daily,Success,11,266,4,No,
BKP-162-SRV-005,SRV-005,2026-06-12,Gold-4hr,Failed,68,581,24,No,Repository unavailable
BKP-163-SRV-005,SRV-005,2026-06-13,Gold-4hr,Success,85,521,24,No,
BKP-163-SRV-016,SRV-016,2026-06-13,Bronze-Weekly,Success,36,229,24,No,
BKP-163-SRV-039,SRV-039,2026-06-13,Silver-Daily,Success,24,461,168,No,
BKP-163-SRV-007,SRV-007,2026-06-13,Gold-4hr,Success,54,267,4,No,
BKP-163-SRV-015,SRV-015,2026-06-13,Bronze-Weekly,Success,22,178,24,No,
BKP-163-SRV-050,SRV-050,2026-06-13,Gold-4hr,Warning,8,218,168,No,
BKP-164-SRV-044,SRV-044,2026-06-14,Silver-Daily,Success,25,194,4,No,
BKP-164-SRV-014,SRV-014,2026-06-14,Bronze-Weekly,Warning,66,159,4,No,
BKP-164-SRV-018,SRV-018,2026-06-14,Gold-4hr,Success,16,504,24,No,
BKP-164-SRV-049,SRV-049,2026-06-14,Gold-4hr,Success,69,60,168,No,
BKP-164-SRV-007,SRV-007,2026-06-14,Gold-4hr,Success,62,251,4,No,
BKP-164-SRV-012,SRV-012,2026-06-14,Bronze-Weekly,Success,85,580,168,No,
BKP-165-SRV-041,SRV-041,2026-06-15,Bronze-Weekly,Success,55,173,4,No,
BKP-165-SRV-036,SRV-036,2026-06-15,Gold-4hr,Failed,75,359,168,No,Repository unavailable
BKP-165-SRV-058,SRV-058,2026-06-15,Bronze-Weekly,Warning,66,384,24,No,
BKP-165-SRV-032,SRV-032,2026-06-15,Bronze-Weekly,Success,77,193,24,No,
BKP-165-SRV-030,SRV-030,2026-06-15,Bronze-Weekly,Warning,28,99,168,No,
BKP-165-SRV-014,SRV-014,2026-06-15,Bronze-Weekly,Success,55,112,168,No,
BKP-166-SRV-004,SRV-004,2026-06-16,Silver-Daily,Success,82,538,168,No,
BKP-166-SRV-036,SRV-036,2026-06-16,Gold-4hr,Success,75,135,4,No,
BKP-166-SRV-034,SRV-034,2026-06-16,Silver-Daily,Success,85,286,4,No,
BKP-166-SRV-023,SRV-023,2026-06-16,Gold-4hr,Success,71,583,4,No,
BKP-166-SRV-049,SRV-049,2026-06-16,Gold-4hr,Success,90,12,24,No,
BKP-166-SRV-033,SRV-033,2026-06-16,Bronze-Weekly,Success,33,336,24,No,
BKP-167-SRV-013,SRV-013,2026-06-17,Silver-Daily,Success,66,111,168,No,
BKP-167-SRV-052,SRV-052,2026-06-17,Bronze-Weekly,Success,88,22,24,No,
BKP-167-SRV-020,SRV-020,2026-06-17,Bronze-Weekly,Success,80,230,4,No,
BKP-167-SRV-060,SRV-060,2026-06-17,Gold-4hr,Success,43,210,168,No,
BKP-167-SRV-057,SRV-057,2026-06-17,Silver-Daily,Warning,12,35,168,No,
BKP-167-SRV-019,SRV-019,2026-06-17,Gold-4hr,Success,95,480,4,No,
BKP-168-SRV-008,SRV-008,2026-06-18,Bronze-Weekly,Success,8,538,168,No,
BKP-168-SRV-025,SRV-025,2026-06-18,Silver-Daily,Success,71,184,24,No,
BKP-168-SRV-013,SRV-013,2026-06-18,Silver-Daily,Success,72,254,168,No,
BKP-168-SRV-015,SRV-015,2026-06-18,Bronze-Weekly,Success,70,131,4,No,
BKP-168-SRV-009,SRV-009,2026-06-18,Silver-Daily,Success,29,384,24,No,
BKP-168-SRV-019,SRV-019,2026-06-18,Gold-4hr,Success,77,452,168,No,
BKP-169-SRV-005,SRV-005,2026-06-19,Gold-4hr,Success,72,193,24,No,
BKP-169-SRV-004,SRV-004,2026-06-19,Silver-Daily,Success,43,307,168,No,
BKP-169-SRV-010,SRV-010,2026-06-19,Gold-4hr,Success,30,48,24,No,
BKP-169-SRV-020,SRV-020,2026-06-19,Bronze-Weekly,Success,82,88,24,No,
BKP-169-SRV-055,SRV-055,2026-06-19,Gold-4hr,Success,77,225,4,No,
BKP-169-SRV-008,SRV-008,2026-06-19,Bronze-Weekly,Success,80,484,24,No,
BKP-170-SRV-033,SRV-033,2026-06-20,Bronze-Weekly,Success,15,119,168,No,
BKP-170-SRV-037,SRV-037,2026-06-20,Bronze-Weekly,Success,55,292,24,No,
BKP-170-SRV-023,SRV-023,2026-06-20,Gold-4hr,Warning,26,487,24,No,
BKP-170-SRV-007,SRV-007,2026-06-20,Gold-4hr,Success,22,139,4,No,
BKP-170-SRV-028,SRV-028,2026-06-20,Bronze-Weekly,Success,25,357,24,No,
BKP-170-SRV-026,SRV-026,2026-06-20,Silver-Daily,Success,11,44,4,No,
BKP-171-SRV-014,SRV-014,2026-06-21,Bronze-Weekly,Success,47,254,168,No,
BKP-171-SRV-025,SRV-025,2026-06-21,Silver-Daily,Success,68,252,168,No,
BKP-171-SRV-056,SRV-056,2026-06-21,Gold-4hr,Success,65,103,168,No,
BKP-171-SRV-027,SRV-027,2026-06-21,Gold-4hr,Success,42,384,168,No,
BKP-171-SRV-049,SRV-049,2026-06-21,Gold-4hr,Success,57,242,4,No,
BKP-171-SRV-035,SRV-035,2026-06-21,Gold-4hr,Success,21,188,168,No,
BKP-172-SRV-052,SRV-052,2026-06-22,Bronze-Weekly,Success,68,147,24,No,
BKP-172-SRV-005,SRV-005,2026-06-22,Gold-4hr,Success,19,152,168,No,
BKP-172-SRV-035,SRV-035,2026-06-22,Gold-4hr,Success,12,220,168,No,
BKP-172-SRV-011,SRV-011,2026-06-22,Gold-4hr,Success,27,399,4,No,
BKP-172-SRV-013,SRV-013,2026-06-22,Silver-Daily,Success,11,381,4,No,
BKP-172-SRV-027,SRV-027,2026-06-22,Gold-4hr,Success,66,311,168,No,
BKP-173-SRV-047,SRV-047,2026-06-23,Silver-Daily,Success,49,298,24,No,
BKP-173-SRV-012,SRV-012,2026-06-23,Bronze-Weekly,Success,94,295,24,No,
BKP-173-SRV-044,SRV-044,2026-06-23,Silver-Daily,Success,17,452,168,No,
BKP-173-SRV-023,SRV-023,2026-06-23,Gold-4hr,Success,55,372,168,No,
BKP-173-SRV-011,SRV-011,2026-06-23,Gold-4hr,Warning,14,221,24,No,
BKP-173-SRV-010,SRV-010,2026-06-23,Gold-4hr,Success,53,298,4,No,
BKP-174-SRV-054,SRV-054,2026-06-24,Gold-4hr,Success,57,138,4,No,
BKP-174-SRV-014,SRV-014,2026-06-24,Bronze-Weekly,Success,69,409,4,No,
BKP-174-SRV-029,SRV-029,2026-06-24,Gold-4hr,Success,90,460,168,No,
BKP-174-SRV-011,SRV-011,2026-06-24,Gold-4hr,Success,53,353,4,No,
BKP-174-SRV-017,SRV-017,2026-06-24,Bronze-Weekly,Success,45,184,168,No,
BKP-174-SRV-028,SRV-028,2026-06-24,Bronze-Weekly,Success,84,447,24,No,
BKP-175-SRV-010,SRV-010,2026-06-25,Gold-4hr,Success,42,244,24,No,
BKP-175-SRV-024,SRV-024,2026-06-25,Bronze-Weekly,Success,91,417,4,No,
BKP-175-SRV-019,SRV-019,2026-06-25,Gold-4hr,Success,32,307,168,No,
BKP-175-SRV-039,SRV-039,2026-06-25,Silver-Daily,Success,36,80,4,No,
BKP-175-SRV-029,SRV-029,2026-06-25,Gold-4hr,Success,23,366,24,No,
BKP-175-SRV-035,SRV-035,2026-06-25,Gold-4hr,Success,38,589,168,No,
BKP-176-SRV-024,SRV-024,2026-06-26,Bronze-Weekly,Success,95,335,24,No,
BKP-176-SRV-012,SRV-012,2026-06-26,Bronze-Weekly,Success,40,14,4,No,
BKP-176-SRV-006,SRV-006,2026-06-26,Bronze-Weekly,Success,94,277,4,No,
BKP-176-SRV-007,SRV-007,2026-06-26,Gold-4hr,Success,67,72,168,No,
BKP-176-SRV-050,SRV-050,2026-06-26,Gold-4hr,Success,78,37,168,No,
BKP-176-SRV-048,SRV-048,2026-06-26,Gold-4hr,Success,38,356,168,No,
BKP-177-SRV-046,SRV-046,2026-06-27,Bronze-Weekly,Warning,36,447,24,No,
BKP-177-SRV-048,SRV-048,2026-06-27,Gold-4hr,Success,89,585,24,No,
BKP-177-SRV-024,SRV-024,2026-06-27,Bronze-Weekly,Success,86,469,168,No,
BKP-177-SRV-023,SRV-023,2026-06-27,Gold-4hr,Success,69,276,4,No,
BKP-177-SRV-033,SRV-033,2026-06-27,Bronze-Weekly,Success,45,175,168,No,
BKP-177-SRV-042,SRV-042,2026-06-27,Gold-4hr,Success,15,320,4,No,
BKP-178-SRV-025,SRV-025,2026-06-28,Silver-Daily,Success,40,516,168,No,
BKP-178-SRV-034,SRV-034,2026-06-28,Silver-Daily,Success,15,473,168,No,
BKP-178-SRV-011,SRV-011,2026-06-28,Gold-4hr,Success,63,502,4,No,
BKP-178-SRV-052,SRV-052,2026-06-28,Bronze-Weekly,Success,37,68,168,No,
BKP-178-SRV-031,SRV-031,2026-06-28,Gold-4hr,Success,75,15,168,No,
BKP-178-SRV-021,SRV-021,2026-06-28,Silver-Daily,Success,64,544,168,No,
BKP-179-SRV-050,SRV-050,2026-06-29,Gold-4hr,Success,85,237,168,No,
BKP-179-SRV-057,SRV-057,2026-06-29,Silver-Daily,Success,28,300,24,No,
BKP-179-SRV-039,SRV-039,2026-06-29,Silver-Daily,Success,90,586,168,No,
BKP-179-SRV-017,SRV-017,2026-06-29,Bronze-Weekly,Success,67,354,4,No,
BKP-179-SRV-024,SRV-024,2026-06-29,Bronze-Weekly,Success,21,30,4,No,
BKP-179-SRV-007,SRV-007,2026-06-29,Gold-4hr,Success,87,386,168,No,
